timestamp,spot,oi_C_0.000000,oi_C_0.100000,oi_C_0.200000,oi_C_0.300000,oi_C_0.400000,oi_C_0.500000,oi_C_0.600000,oi_C_0.700000,oi_C_0.800000,oi_C_0.900000,oi_P_0.000000,oi_P_0.100000,oi_P_0.200000,oi_P_0.300000,oi_P_0.400000,oi_P_0.500000,oi_P_0.600000,oi_P_0.700000,oi_P_0.800000,oi_P_0.900000,ntp_C_0.000000,ntp_C_0.100000,ntp_C_0.200000,ntp_C_0.300000,ntp_C_0.400000,ntp_C_0.500000,ntp_C_0.600000,ntp_C_0.700000,ntp_C_0.800000,ntp_C_0.900000,ntp_P_0.000000,ntp_P_0.100000,ntp_P_0.200000,ntp_P_0.300000,ntp_P_0.400000,ntp_P_0.500000,ntp_P_0.600000,ntp_P_0.700000,ntp_P_0.800000,ntp_P_0.900000,volume_C_0.000000,volume_C_0.100000,volume_C_0.200000,volume_C_0.300000,volume_C_0.400000,volume_C_0.500000,volume_C_0.600000,volume_C_0.700000,volume_C_0.800000,volume_C_0.900000,volume_P_0.000000,volume_P_0.100000,volume_P_0.200000,volume_P_0.300000,volume_P_0.400000,volume_P_0.500000,volume_P_0.600000,volume_P_0.700000,volume_P_0.800000,volume_P_0.900000
09:20:00.0000000000,3472038.2501,8934500.0000,3290425.0000,2096250.0000,275525.0000,383575.0000,309350.0000,441800.0000,37300.0000,66700.0000,22850.0000,3825200.0000,749225.0000,1661025.0000,467075.0000,486500.0000,538875.0000,328875.0000,1513475.0000,293425.0000,943925.0000,13418403250,7264013375,15458601750,15423528250,23876520375,18108401500,27877664875,5929161625,1898006750,240596750,5075600500,6601105750,13283721500,25984281875,25852397125,25852397125,24662798125,27487942500,44723559625,36106587125,9153275,3317625,2059000,1073100,1674725,1560875,1307400,122525,60375,2025,4475100,1659425,3734225,1711600,1799200,1361925,755125,1078950,453650,538500
09:25:00.0000000000,3474770.4952,9432150.0000,2638650.0000,3433375.0000,559450.0000,768900.0000,789400.0000,304325.0000,818075.0000,102525.0000,23675.0000,4376800.0000,1584050.0000,1771325.0000,698525.0000,827750.0000,678400.0000,353275.0000,1504800.0000,557925.0000,641925.0000,5653489875,7790777250,10929579250,9488932000,19545234000,25272106000,38758279000,8390497250,3578485500,298292000,3280185125,4366881375,12275165750,14086481750,11884407500,11884407500,9814488125,15640772250,20162716500,15295135375,14556625,4036250,5650650,2008300,3111900,2884650,1081950,2112800,164625,4400,8030500,4724525,4457450,2791750,3039075,2136500,1181925,1667825,1045050,439200
09:30:00.0000000000,3477289.7260,9694275.0000,2787175.0000,3692800.0000,698550.0000,995700.0000,881725.0000,309325.0000,709350.0000,178500.0000,62475.0000,5261275.0000,1179525.0000,1874025.0000,844450.0000,991025.0000,790700.0000,344675.0000,1518100.0000,494400.0000,618125.0000,3705043375,5822228250,10186824625,6817113625,17295453000,16115616000,14003997750,22833120125,4914061625,665314750,2264711500,4568803875,8851285250,8218682750,11671035000,11671035000,7100075500,12389672750,9084104500,6057437625,17945000,5596400,7591450,2732425,4406000,3758575,1501175,2584050,544100,44325,11751050,4901400,5838650,3733300,3954525,2822250,1489750,2075450,1288525,518000
09:35:00.0000000000,3474908.6274,9741200.0000,3942025.0000,2689425.0000,731625.0000,1061325.0000,869175.0000,274700.0000,729775.0000,127200.0000,24950.0000,5495450.0000,1206775.0000,1895325.0000,880350.0000,1031875.0000,868100.0000,359775.0000,1521725.0000,234800.0000,878225.0000,3235026500,5252843500,11563856000,8642184000,19031663000,22946502375,12560979625,24843349375,6873282250,784417750,2163812750,3317563500,7250132500,6841286500,14245751875,14245751875,7325108875,16335158500,10169978250,7012853375,20976025,10495775,6424625,3572450,5785425,4929400,1979750,3710675,336275,6050,14377375,6032725,7187025,4551250,4897425,3748375,1833225,2639325,1045350,1150250
09:40:00.0000000000,3475637.1897,9922725.0000,4093075.0000,2790900.0000,824275.0000,1289325.0000,933300.0000,315700.0000,688550.0000,179125.0000,61175.0000,5728950.0000,1286900.0000,1985025.0000,931500.0000,1104400.0000,926350.0000,367100.0000,1465050.0000,236400.0000,868425.0000,2154948000,4573518875,6100374000,4918118750,11755666125,11429247375,6584490875,13073559500,2416420625,300756250,1401530500,2268201000,5498422625,4406729875,8988403500,8988403500,4216056250,12590259500,5199164625,5432436875,23168225,12006650,7451075,4132125,6699600,5560900,2246125,3622850,822600,50875,16019650,6814675,8250650,5126025,5491250,4318450,2027550,3075950,1170025,1264350
09:45:00.0000000000,3480514.7626,10052675.0000,2940825.0000,4020675.0000,879800.0000,0.0000,1340325.0000,901325.0000,970625.0000,131450.0000,93850.0000,6640750.0000,2751875.0000,983800.0000,1213800.0000,1036500.0000,0.0000,411300.0000,1680575.0000,270750.0000,597125.0000,2636733625,3313655250,6712011625,4952929250,9525857875,9261814250,9535066750,14878502000,4490810125,1585611125,2096246000,3036437500,6854283250,5730501500,9009388250,9009388250,5371745750,11898802750,7036340500,3910079750,25984675,9260675,12659900,4700550,0,7578925,6191625,6500550,805550,186075,22164300,13526950,5835525,6333375,5043825,0,2298400,4802975,688650,704450
09:50:00.0000000000,3478684.3661,11630475.0000,2765250.0000,2876600.0000,886825.0000,1377275.0000,868525.0000,294600.0000,635250.0000,130925.0000,91925.0000,6748375.0000,702300.0000,3107975.0000,1234000.0000,0.0000,1146000.0000,427125.0000,1446050.0000,257250.0000,866850.0000,3117055375,3281439125,7760664625,5415906500,5418119250,11564853375,14320042000,16714387500,6633419125,1771900375,1816534500,4162788000,5256653375,6851314250,4138746000,4138746000,4487478500,11422923000,6392923875,4156964375,34547775,10061225,9431450,5358125,8721200,6912475,2768750,4361750,889250,208600,24263875,4697100,16932150,7100725,0,5886825,2570000,3922500,1432875,1525825
09:55:00.0000000000,3481535.5393,11820875.0000,1540325.0000,4093800.0000,940100.0000,0.0000,1454625.0000,854175.0000,313125.0000,686000.0000,151525.0000,6899825.0000,2803100.0000,1022625.0000,1297250.0000,1201875.0000,0.0000,442375.0000,1679400.0000,257625.0000,587475.0000,3577549750,3346712875,6270238000,5341596750,9587986875,6267981000,8290580375,12881394250,4927799750,876472125,1458766875,3026747250,5402126875,6381417750,8611182250,8611182250,6192280250,10992024875,9007623250,3554154125,38548125,5896525,15944050,5991175,0,9686575,7424225,2991550,5362950,511075,25995750,16704275,7054650,7964775,6735800,0,2898050,5933875,858400,817175
10:00:00.0000000000,3479728.0273,11813750.0000,2827725.0000,2832600.0000,1018025.0000,1497325.0000,0.0000,846550.0000,917975.0000,122775.0000,98300.0000,7023475.0000,2846100.0000,1053700.0000,1360625.0000,0.0000,1304350.0000,459500.0000,1407950.0000,528450.0000,584475.0000,2025786625,1871156750,3973172375,3645627625,835670750,7815100250,6580499000,5365836125,6401885125,1692949875,1182994500,3674324625,2098325250,4066326000,642306375,642306375,3147400750,6951657000,4793632625,1484778750,40662975,11939075,11230900,6405825,10336475,0,7763850,8012125,997375,239600,27456725,17864175,7437575,8459075,0,7346200,3076900,4625775,2583950,842025
10:05:00.0000000000,3480374.7394,11859350.0000,2856650.0000,2842100.0000,1030925.0000,0.0000,1535725.0000,858800.0000,325175.0000,667400.0000,152150.0000,7059550.0000,2890650.0000,1073425.0000,1381025.0000,1374325.0000,0.0000,476275.0000,1395525.0000,525725.0000,583000.0000,2142553500,1894869000,3608885750,3135062875,2669734500,5090538000,5834649000,4315232000,3924777250,1223162500,1091363250,3845407375,2169935750,4513895375,2381194250,2381194250,3424048750,7107213500,4733984000,1522949875,42923500,12584100,11881550,6775075,0,10939000,8073575,3230700,5735925,559025,28932250,19131925,7837550,9003500,7892725,0,3267575,4909675,2717175,867125
10:10:00.0000000000,3481550.2826,10507225.0000,2857025.0000,4239475.0000,1069750.0000,0.0000,1611175.0000,893525.0000,342050.0000,663225.0000,150800.0000,7140850.0000,2855225.0000,1112900.0000,1437125.0000,1449025.0000,0.0000,485550.0000,1378125.0000,516350.0000,579325.0000,1666326750,1721445125,3224562875,3099104125,3088899875,4257247500,6000314250,3192704625,5761574125,1061858625,993659125,3522616125,2136365875,4407764750,2504859625,2504859625,3216692250,6069112625,4427941125,1518414000,37815500,13837350,18769875,7148875,0,11521400,8398650,3342150,5910175,577075,30311150,20420300,8255525,9558275,8430025,0,3449550,5153550,2841425,889725
10:15:00.0000000000,3483508.7680,10468375.0000,2861400.0000,1363250.0000,2925775.0000,1135625.0000,1517650.0000,853475.0000,308350.0000,643950.0000,151175.0000,7193350.0000,2802825.0000,1128800.0000,1487450.0000,1527825.0000,537475.0000,0.0000,1681125.0000,395025.0000,434975.0000,1421507875,1958159000,5723641750,3118222500,4688001000,14298880125,11937483125,6479271125,16989282625,2635065125,1310437000,4212859750,2996949125,5985450625,4665259750,4665259750,3156314750,11861705000,5908652250,2937291625,39511525,14683575,6754600,13450550,7846500,12572425,8999750,3578250,6368050,617600,31978700,22111300,8925650,10415525,9342875,3886475,0,7628500,1549500,460075
10:20:00.0000000000,3483234.0108,10486025.0000,2882450.0000,4327025.0000,0.0000,1163550.0000,1525300.0000,845750.0000,307700.0000,639925.0000,149525.0000,7173750.0000,2803900.0000,1144800.0000,1503475.0000,1533350.0000,557675.0000,0.0000,1421350.0000,532250.0000,580350.0000,1175324250,1198611000,4150271000,600252500,4160809375,8948261125,5894274375,3833783875,6811340375,1395876250,721776000,2175191750,1625835875,2854780625,3607482625,3607482625,977546125,7716374875,2348173875,827685375,40914350,15240625,21116100,0,8312700,13226075,9294650,3716550,6551475,638700,32936650,23024150,9308450,10845550,9891225,4138675,0,5911025,3188425,963625
10:25:00.0000000000,3481788.5857,10548800.0000,4313875.0000,3038825.0000,1231825.0000,0.0000,1578325.0000,859525.0000,317300.0000,629775.0000,151500.0000,7191400.0000,2809900.0000,1147500.0000,1515525.0000,1590700.0000,0.0000,596425.0000,1445100.0000,533275.0000,578400.0000,1123080375,1551747375,4374339750,2541942250,2946051750,10007371875,7249565375,4197346000,7749912000,1741761625,1046280750,2550129375,2235709250,3970726750,2868257625,2868257625,4199381125,10466844250,6082542125,2149820375,42213125,23196975,14846350,8847425,0,13972525,9664650,3870600,6763400,662825,34356600,24153725,9835325,11440350,10711450,0,4498575,6348350,3413025,1009500
10:30:00.0000000000,3483503.4030,10600075.0000,2953275.0000,4453525.0000,0.0000,1229150.0000,1578200.0000,865925.0000,317400.0000,616325.0000,150250.0000,7195275.0000,2859675.0000,1172800.0000,1529475.0000,1666075.0000,602025.0000,0.0000,1754375.0000,390425.0000,433750.0000,776967875,1058822500,2711973750,813322125,1226534000,4988423250,3604262625,1759452000,8159204500,386543000,647180125,2015948750,1177014625,2266720875,1028492750,1028492750,1492158750,5249760625,3151512000,967401125,43071775,16259125,22812025,0,9085150,14350500,9849700,3935700,6990450,668975,35266150,24974400,10110550,11776450,11181700,4656850,0,8856975,1757950,489375
10:35:00.0000000000,3483557.2450,10588775.0000,2951525.0000,4462250.0000,0.0000,1243950.0000,1583775.0000,874250.0000,311825.0000,546775.0000,212975.0000,7190600.0000,2883150.0000,1170375.0000,1545950.0000,1692325.0000,614275.0000,0.0000,1761550.0000,388625.0000,432225.0000,696461750,1132505125,3311545625,474441750,2815455250,6570136250,4682905500,2858363750,6689367375,817730000,650685500,2174844000,1709812250,2634965375,3355118375,3355118375,943827125,6756853375,2855722250,1562664750,43904575,16803000,23557375,0,9402800,14832550,10084250,4038700,6295800,1559350,36061025,25970900,10536475,12191400,11836225,4878425,0,9187050,1839000,500025
10:40:00.0000000000,3485270.5633,10594100.0000,2949675.0000,1403675.0000,3063825.0000,1229725.0000,1516275.0000,852750.0000,302650.0000,521200.0000,210975.0000,7924800.0000,2050525.0000,1193900.0000,1583125.0000,1766575.0000,687775.0000,1480775.0000,301900.0000,384300.0000,431525.0000,857070000,1440863500,1711075875,4234368125,4437297500,8486094000,6451816250,3901214625,5525941250,1956792000,1257734500,1789154500,2000649750,3628858625,4815698625,4815698625,5472666875,3143053375,2487659125,944718125,44930900,17483900,8150125,16526800,9881975,15429925,10403975,4170400,6439825,1597400,45654175,18360050,11065375,12790450,12511750,5209850,7076350,2480950,1906000,511150
10:45:00.0000000000,3485385.7608,10527175.0000,2925525.0000,1439400.0000,3077100.0000,1253850.0000,1424550.0000,767475.0000,270425.0000,537975.0000,147550.0000,7990425.0000,2011100.0000,1210375.0000,1593300.0000,1800050.0000,792425.0000,1510075.0000,0.0000,517700.0000,573450.0000,1793154125,2728442750,2907798750,9780592625,11385087625,17441336375,10859007875,16921185875,15619455000,3738719875,2176658875,3308071750,6884169500,2188873750,8452457250,8452457250,11155777875,4945027250,6884828750,4379815250,47269475,18778375,8881500,18065625,11009425,16775350,11176675,4441075,7700625,745375,47916525,19339950,11847325,13760525,13657000,5858350,7696575,0,4148975,1188000
10:50:00.0000000000,3482552.1957,11864025.0000,3020850.0000,3080125.0000,1282625.0000,0.0000,1438350.0000,755325.0000,266700.0000,523150.0000,148875.0000,7289100.0000,2748950.0000,1204525.0000,1590175.0000,1823175.0000,0.0000,818975.0000,1513050.0000,292900.0000,805750.0000,1776214000,2089640750,3868271125,3859409875,5416390625,9511320125,6458679125,3805870375,8411140125,1440804250,939234000,1998304500,2806090250,3231889250,5403608750,5403608750,3747986125,6733169625,6108948625,3305373625,58851150,19124650,19105925,11720050,0,17450700,11487300,4573125,7918625,768450,39281375,29814275,12438025,14375800,14539475,0,6323725,8112725,2784200,2822875
10:55:00.0000000000,3482416.5258,11746400.0000,3123350.0000,3242600.0000,1413675.0000,0.0000,1533975.0000,806075.0000,266125.0000,472000.0000,204675.0000,7259375.0000,2787150.0000,1170050.0000,1605800.0000,1828550.0000,0.0000,812250.0000,1491825.0000,500425.0000,570700.0000,2247444750,3263324500,6832089250,7395431375,812730750,13131181000,9423570250,6508404875,7115735625,1195776625,959846375,3670360125,3084838375,6200385000,891576875,891576875,8716863125,11757073250,5857704375,7694884250,61944325,20605550,20636975,12695625,0,18573250,11988300,4749400,7152850,1797175,40527300,31210275,13119050,15268400,15783700,0,6886725,8633325,4655550,1295150
11:00:00.0000000000,3480015.4875,11654775.0000,3123025.0000,3337775.0000,1502175.0000,0.0000,1612875.0000,811375.0000,278300.0000,594225.0000,97250.0000,7285725.0000,2853800.0000,1186525.0000,1624275.0000,1863000.0000,0.0000,815925.0000,1457800.0000,288025.0000,781200.0000,1161625375,1458943875,2846960875,3798761125,516581000,8502529125,4452258500,2493470500,3296436500,358993500,728065625,2023875625,1527713750,3438807125,305929250,305929250,4296405500,7330112250,3752287625,3064639000,63548575,21291350,21301025,13218025,0,19318775,12230150,4831900,8694200,363550,41479400,31992275,13456350,15761875,16447300,0,7159100,8956100,3018350,3111350
11:05:00.0000000000,3479461.0183,13079375.0000,1519575.0000,3328400.0000,1511050.0000,1657950.0000,0.0000,837550.0000,776900.0000,111575.0000,97875.0000,7272300.0000,2787775.0000,1201525.0000,1625100.0000,0.0000,1823625.0000,784200.0000,1420100.0000,273400.0000,769825.0000,1948656375,1472274375,3956680250,4261721750,6528717500,2662653375,5891742875,5411021875,3049721875,677494500,1193639625,4292450625,2833476500,5451293750,9217731125,9217731125,6851152375,5610643625,6202940000,8237349625,76660300,11297550,22325000,13855950,20103050,0,12581750,12317650,1486875,369575,42783725,33474625,14037650,16500150,0,17477850,7571500,9351350,3136075,3254475
11:10:00.0000000000,3480102.7160,11505325.0000,3080100.0000,3355550.0000,1536025.0000,0.0000,1705225.0000,858575.0000,285150.0000,631175.0000,97800.0000,7315025.0000,2992175.0000,1237775.0000,1652075.0000,1864875.0000,0.0000,789450.0000,1411475.0000,272800.0000,776075.0000,924343125,1126691000,2668313000,2777210375,2783509375,4243514250,4657300000,5359751625,3206604250,278508375,1083917750,2670130000,1840371500,3494815250,2779376750,2779376750,4040950375,5960785500,2457993750,4079521875,66890450,22970725,22981625,14253875,0,20701500,12839375,5034925,9035100,372875,44134325,34439200,14431200,16995500,18177200,0,7826000,9625350,3207475,3342075
11:15:00.0000000000,3480167.2028,12921625.0000,1534975.0000,3420200.0000,1564800.0000,0.0000,1721425.0000,874550.0000,291700.0000,654150.0000,97750.0000,7312500.0000,3024875.0000,1298175.0000,1687250.0000,1868700.0000,0.0000,797150.0000,1417575.0000,272750.0000,767950.0000,910306500,784778875,2192338000,1985444625,691423000,3586393875,2457956875,1375192000,2804403250,111038250,528407250,1653599250,1694694750,2404883000,891572750,891572750,2601228375,3232036000,1426074500,2674971250,79908550,11839625,23523800,14539050,0,21066325,12975850,5077750,9121600,374275,44899625,35092375,14805100,17339525,18620750,0,7988875,9765675,3252900,3403325
11:20:00.0000000000,3477553.7751,12867825.0000,1544100.0000,3426325.0000,1555225.0000,1795425.0000,0.0000,898875.0000,867675.0000,108050.0000,97925.0000,7295625.0000,3016450.0000,1293475.0000,1685550.0000,0.0000,1878575.0000,782825.0000,0.0000,1665700.0000,755650.0000,1161921125,859314875,3134029125,3831326375,8808988000,391326125,5729160750,7103630625,3293195625,334197500,620927875,2394224500,2332153250,4315180000,9452669500,9452669500,6069030000,2259689000,7133042125,6822000500,81380225,12252900,24404325,15147075,21902400,0,13330325,12996275,1547875,378125,45734300,35966850,15289275,17920300,0,19461475,8347775,0,13415600,3521650
11:25:00.0000000000,3476939.5524,12728025.0000,4923425.0000,0.0000,1640925.0000,1922975.0000,0.0000,1016275.0000,840375.0000,110375.0000,97100.0000,7302925.0000,2983325.0000,1311275.0000,1734975.0000,0.0000,1746775.0000,0.0000,709125.0000,1342375.0000,987625.0000,1765314500,4328568625,3043148500,3581549375,12708520250,7317468000,2673490125,8457999750,3265701250,1154210000,995782375,4094707375,3762930375,2191449625,19843248875,19843248875,2853380250,6414842250,13081445625,9246758750,83782550,38788850,0,16247100,23289850,0,13945225,13407375,1597025,390675,46953900,37423175,15986725,18897425,0,21103200,0,8843025,10514050,7119575
11:30:00.0000000000,3478337.5668,12641250.0000,4934375.0000,0.0000,1694975.0000,1930450.0000,0.0000,1050625.0000,295400.0000,588200.0000,146475.0000,7285150.0000,3012450.0000,1333600.0000,1768525.0000,0.0000,1751275.0000,705950.0000,1313525.0000,238375.0000,740200.0000,926043750,1901714500,867293625,2492639375,6281716125,25190875,4768062375,2621477750,4276866375,724587375,645940000,2611948625,2150355500,4212695000,9034049875,9034049875,3817623625,1620761250,8684296250,3505277750,85098900,39912675,0,16741325,23969675,0,14262675,5531825,9235225,888950,47779075,38378525,16450650,19477900,0,21901350,9109925,10819350,3524300,3721375
11:35:00.0000000000,3475409.0081,12498850.0000,4937125.0000,1705150.0000,0.0000,1951050.0000,1059675.0000,0.0000,308500.0000,591025.0000,148050.0000,7285600.0000,3017875.0000,1330325.0000,0.0000,1754825.0000,1712475.0000,0.0000,699775.0000,1542975.0000,732825.0000,1122437750,2893626125,1691229875,1245660875,7696854500,4469546500,1714118125,5232094000,3594325125,1642584750,761347750,2974414375,3160479875,2498758125,14235158500,14235158500,1657408125,6811521375,12275744750,5484217375,86975150,41227175,17371675,0,24875900,14703225,0,5717400,9396225,914000,48745525,39496725,17046950,0,20328800,23061225,0,9491700,14859975,3814300
11:40:00.0000000000,3475179.9390,12340875.0000,4929350.0000,1704225.0000,0.0000,2035525.0000,1096625.0000,0.0000,334325.0000,623700.0000,144650.0000,7267825.0000,3037550.0000,1310225.0000,0.0000,1676725.0000,1646475.0000,0.0000,673850.0000,1492200.0000,711525.0000,885748875,2911251625,2621863250,0,6928527625,5354695750,1483338125,4455745500,3833478625,1355025000,804397125,3179341250,3420144000,286674875,13795940375,13795940375,450884250,6111682125,12101326625,6072244875,88461475,42628675,17985075,0,25748750,15161600,0,5901825,9572875,936975,49816575,40839225,17610275,0,21315500,24143775,0,9830900,15308900,3912375
11:45:00.0000000000,3477071.3397,12367525.0000,4935400.0000,0.0000,1724675.0000,2149375.0000,0.0000,1163175.0000,334400.0000,649550.0000,141425.0000,7281625.0000,3069225.0000,1322500.0000,1747125.0000,0.0000,1637125.0000,668300.0000,0.0000,1486375.0000,711450.0000,775273500,2221767750,1233325500,733567500,6817674875,4337717875,2544914875,3493671125,5348614000,938718375,630822750,2703688500,2395492375,2202448750,9005680625,9005680625,1428865000,3667049000,8602564375,3521206375,89762575,43656575,0,18415750,26552400,0,15627525,6023050,9776025,954150,50632750,41862050,18080600,22128325,0,24893375,10086600,0,15676600,3958925
11:50:00.0000000000,3476343.2945,12330475.0000,4997750.0000,1773925.0000,0.0000,2275175.0000,1193125.0000,0.0000,329150.0000,653975.0000,138550.0000,7274125.0000,3081125.0000,1331600.0000,0.0000,1758050.0000,1643600.0000,0.0000,669750.0000,1453575.0000,706875.0000,616068125,1978973750,1206244125,486889250,4549759375,2467164875,1362699875,3099733875,2779220250,518669875,427603000,2134131750,1857695750,1468204500,6639598500,6639598500,1065748875,3395017500,6140560625,2350700375,90742550,44542700,18787775,0,27095250,15901275,0,6140425,9886975,963325,51186375,42647050,18473375,0,22695150,25441975,0,10284325,15945850,3991650
11:55:00.0000000000,3476576.7724,12318600.0000,4975350.0000,1782575.0000,0.0000,2280650.0000,1205150.0000,0.0000,320525.0000,654175.0000,136825.0000,7283175.0000,3119625.0000,1346775.0000,1797275.0000,0.0000,1647075.0000,0.0000,667100.0000,1458250.0000,704850.0000,559904125,1633474250,1209111500,31578250,3241802375,1933934500,870508250,2073120750,2123590125,316474250,379380875,1662086000,1461900500,682542125,4316884000,4316884000,655000125,2331894500,6099464625,1609361875,91579125,45247550,19056000,0,27480475,16102450,0,6238350,9956500,969250,51686050,43280900,18784225,23077150,0,25801375,0,10445675,16174575,4021600
12:00:00.0000000000,3474354.0447,12293500.0000,4983800.0000,1783625.0000,0.0000,2281250.0000,1204800.0000,318025.0000,551575.0000,155625.0000,87700.0000,7316900.0000,3113500.0000,1356350.0000,0.0000,1815075.0000,1650175.0000,0.0000,663525.0000,1190325.0000,929150.0000,840599875,2687603250,1943176250,2012277250,4273637500,4178921000,3116079500,4329381625,3243553875,515656500,686617875,2359847875,3003229750,2885320875,6806563875,6806563875,4599663875,6902463125,11735627625,6894309500,92791525,46433275,19587650,0,28221750,16491300,6427475,8839475,1842975,444975,52586700,44529325,19405200,0,24082975,26663825,0,10825925,12724600,8046850
12:05:00.0000000000,3474084.2829,12336100.0000,4982625.0000,1791825.0000,0.0000,2328775.0000,1299350.0000,0.0000,357325.0000,683400.0000,139100.0000,7311475.0000,3076775.0000,1325750.0000,0.0000,1653250.0000,1441000.0000,0.0000,574875.0000,1347250.0000,689325.0000,1409065875,3975068500,3539454625,7866239625,1492648250,10844680750,5395849750,8195156000,2544824500,1403869875,1308016875,1839595125,4827431875,6377569375,1408819625,1408819625,21901044250,12959625625,18174385625,14067073500,94741000,48387800,20513075,0,29561725,17433325,0,6740400,10478150,1039600,54359850,46594200,20630350,0,25900125,28314900,0,11481825,17427625,4227625
12:10:00.0000000000,3473289.3156,12316625.0000,4944650.0000,1801550.0000,2281625.0000,0.0000,1350400.0000,374775.0000,579600.0000,106725.0000,142425.0000,7270475.0000,844825.0000,2422300.0000,1288825.0000,1686150.0000,0.0000,1395175.0000,517250.0000,1093300.0000,887725.0000,915800750,2669411375,2018938875,2427286625,3558024500,6064604375,1511440500,4344674500,2544442875,897947125,681443875,2843714375,2432101875,997213250,4874370500,4874370500,3784898125,4462108125,9653410750,3759440625,96093750,49662125,21037950,30421700,0,17944825,6951300,9281200,1355725,1056300,55250575,15332975,32457775,21238475,26744250,0,28975225,11704625,13610125,8441700
12:15:00.0000000000,3472761.4501,13771575.0000,3451750.0000,1818875.0000,2265050.0000,0.0000,1373625.0000,378775.0000,0.0000,693075.0000,137775.0000,7243175.0000,847775.0000,2472850.0000,1276525.0000,1698275.0000,0.0000,1385675.0000,501600.0000,1245125.0000,676725.0000,1331579625,2153527875,1985469375,6493976375,111471125,5213565250,2798949250,3453986375,1528648000,795566500,644870125,1142279250,2891162500,2542416000,759875625,759875625,8547542000,4970972875,11219544125,4710356250,113961075,34575000,21633300,31473150,0,18411800,7144525,0,10791600,1075325,56051100,15677775,33390175,21780500,27553225,0,29663075,11945300,18192625,4333650
12:20:00.0000000000,3469153.5413,13621125.0000,5328475.0000,0.0000,2130250.0000,1467025.0000,0.0000,413200.0000,638850.0000,164500.0000,89225.0000,7254800.0000,867325.0000,2514800.0000,1348800.0000,0.0000,1700550.0000,1322525.0000,0.0000,1398925.0000,860450.0000,2174331500,3949722375,1279429125,8575153375,6801440625,4082206000,6589621250,7489669000,2295388500,1333951500,1213816000,1895894750,5988874000,6613802000,11465897125,11465897125,19145980250,4515669750,21277145750,15848393750,116915700,58753750,0,33229775,19585450,0,7565650,9744375,2030025,500700,57910950,16312450,35038125,22928725,0,29421300,31065075,0,26936050,8789850
12:25:00.0000000000,3470792.9868,13525475.0000,5479925.0000,0.0000,2159025.0000,0.0000,1570100.0000,432525.0000,636575.0000,118175.0000,141025.0000,7294825.0000,892000.0000,2625025.0000,1416150.0000,1817050.0000,0.0000,1299600.0000,436000.0000,1075450.0000,666525.0000,1401948250,3031307250,370263625,4886991375,898690625,5846560375,3382591625,2710442125,3490725000,1250032375,816130875,869526500,4151946875,4200375625,1763205125,1763205125,11778671125,4628926750,10242955375,4535130625,118878925,60641225,0,34263225,0,20324050,7820125,9952625,1433850,1145225,58976000,16710925,36296500,23720750,30453650,0,31910350,12677200,19186125,4488325
12:30:00.0000000000,3470169.6121,13416525.0000,3604050.0000,1906675.0000,2175975.0000,0.0000,1597600.0000,436600.0000,639825.0000,169075.0000,92825.0000,6561350.0000,1676575.0000,2703600.0000,1402400.0000,1820700.0000,0.0000,1276750.0000,0.0000,1282700.0000,841675.0000,1336012000,2134773000,774561625,3517778125,174370750,4834855500,2675398500,2584345500,1325198750,356939000,702067500,1075327125,3724132625,3476284500,207949000,207949000,7190560625,2760886250,8164691250,2013036250,120637850,38057800,24036950,34979100,0,20863650,7989450,10085175,2095850,511475,46500050,30566950,37362975,24353650,31241050,0,32401725,0,27822400,8953375
12:35:00.0000000000,3474558.3571,12031650.0000,4911475.0000,1850875.0000,0.0000,2142775.0000,1578050.0000,0.0000,428200.0000,720050.0000,143875.0000,7382075.0000,3834900.0000,1430225.0000,0.0000,1889825.0000,1306000.0000,0.0000,438450.0000,985425.0000,658750.0000,1277367250,2875691000,2808471625,6844349875,1815842125,11155936500,3477693125,7115471500,6096860750,1948226750,1290978125,2471805500,6456977625,3418649000,3781472875,3781472875,13196863250,5601518375,18151893000,7971439875,103618525,58148475,25005650,0,36311325,21995200,0,8402550,11862075,1205025,61507775,56781650,25401150,0,32735850,33531150,0,13202625,20064025,4592800
12:40:00.0000000000,3477471.8596,12027350.0000,4925850.0000,1836275.0000,0.0000,2113625.0000,0.0000,1444050.0000,381875.0000,636625.0000,136400.0000,7345175.0000,3914850.0000,1450425.0000,1946450.0000,0.0000,1429050.0000,0.0000,513600.0000,948075.0000,665900.0000,1369876000,6085844125,4317892125,1215222250,17624467875,1300553750,18611163750,9581588125,12888349500,2854065250,1207602000,5466705875,4962831625,8534627125,17530625125,17530625125,1628963750,7626255625,16832171625,5639442250,105360550,60890900,26370250,0,38637075,0,23505200,8862350,12286300,1252225,62999450,59156700,26728075,34427650,0,35225875,0,13697350,20753625,4683050
12:45:00.0000000000,3478418.5009,12027150.0000,4949725.0000,0.0000,1837450.0000,2101600.0000,0.0000,1421725.0000,376650.0000,671025.0000,88250.0000,7341200.0000,4030025.0000,1470800.0000,1986425.0000,0.0000,1448775.0000,0.0000,516575.0000,924625.0000,655875.0000,1042403000,4183256875,2763788375,1331442500,12715231500,3144374125,11781312000,8516797625,7909887250,835068750,878309000,3872016500,3161141000,5443658750,10195850875,10195850875,257580625,5703622750,8652593875,5670249000,106795075,62852900,0,27304500,40271600,0,24598875,9188200,13278125,563150,64101775,60838725,27590800,35621175,0,36254625,0,14046350,21171875,4746600
12:50:00.0000000000,3479981.4917,12039700.0000,1326000.0000,3777950.0000,1857800.0000,0.0000,2098500.0000,1354525.0000,349950.0000,522275.0000,237300.0000,7418400.0000,4127925.0000,1521550.0000,2014025.0000,1637850.0000,0.0000,606350.0000,802125.0000,171375.0000,659550.0000,1442907000,2561725500,4827725625,5337509125,6838468000,12120519125,17352740125,7242611500,10699455125,1948865875,1055910000,4091251625,3237956625,8152117250,5871346375,5871346375,4361215875,6847703875,6156202125,5647096250,108577700,20554975,44697250,28650500,0,42329125,25792300,9481875,11252475,2958300,65512650,62739275,28527400,37098025,37681750,0,14490475,16811175,4801925,4841700
12:55:00.0000000000,3479080.8955,12027125.0000,1392725.0000,3956150.0000,1887150.0000,2075925.0000,0.0000,1314975.0000,338375.0000,615950.0000,129450.0000,8441725.0000,2985100.0000,1543725.0000,2018700.0000,0.0000,1835675.0000,635875.0000,0.0000,972475.0000,659175.0000,1279863750,1534094250,3266552000,4577825375,9927628375,3863510125,12729192250,4792090250,7296683750,1005509750,1605291000,3523953625,2623899125,5348425375,8115122000,8115122000,2813470625,2020318500,7265229500,3904000125,110289750,21111400,45976750,29588900,43868800,0,26632925,9688650,13106250,1337100,87304475,44769675,29519525,38179625,0,38883125,14806575,0,21961950,4897900
13:00:00.0000000000,3477866.1049,11996125.0000,5398200.0000,0.0000,1900150.0000,2147925.0000,0.0000,1325850.0000,350175.0000,666875.0000,81975.0000,8395675.0000,2917300.0000,1561950.0000,2056725.0000,0.0000,1873450.0000,0.0000,640075.0000,808775.0000,828275.0000,768147875,2010248500,1091766000,2050438500,8161297250,0,5479349750,3614119375,4077080000,257821625,1133881875,1741285500,1723853625,3513969250,6820945875,6820945875,162363250,2596000750,3846565875,3163869250,111423725,68185025,0,30119075,44850550,0,27019675,9851800,13985350,586775,88983175,45770100,30176775,38913600,0,39650400,0,14988575,17265625,9837900
13:05:00.0000000000,3481553.7649,12019800.0000,1420725.0000,3933225.0000,1912300.0000,0.0000,2150875.0000,1328325.0000,358450.0000,691725.0000,58175.0000,11051450.0000,1609700.0000,2107500.0000,0.0000,1907050.0000,0.0000,651475.0000,0.0000,807000.0000,825475.0000,1105070500,2192027875,3166639875,2776614625,10006006375,1676818875,10987871500,5591697000,8327251875,415202125,1619981000,3521307500,1558639125,5699987375,11003400375,11003400375,565947125,5653199875,4692013000,8018201750,112944850,21869700,47942000,30976925,0,46189125,27756675,10083800,14530625,298275,139098025,31284400,40252925,0,41119900,0,15427700,0,17553625,9990175
13:10:00.0000000000,3479860.4986,11851425.0000,1445125.0000,3959725.0000,1883500.0000,1954675.0000,0.0000,1289050.0000,311475.0000,654775.0000,58225.0000,7823050.0000,4004525.0000,0.0000,2008525.0000,0.0000,2055725.0000,0.0000,742925.0000,828625.0000,810625.0000,1917832000,1865917875,6421248625,7472558500,1832398625,22277471125,17890388125,10935257625,15836763625,439232875,2144808125,3825875125,5195385625,1225877750,1384215000,1384215000,4912406750,3902020000,9186493125,10019671625,116228175,22672700,49821050,32323025,48448675,0,28928750,10419675,14961650,301350,94555200,81841075,0,42081250,0,43138575,0,16070250,18076500,10241300
13:15:00.0000000000,3478345.7693,11911725.0000,5446500.0000,0.0000,1931800.0000,2011225.0000,0.0000,1289325.0000,317625.0000,665125.0000,58475.0000,7807300.0000,3896875.0000,0.0000,2062775.0000,0.0000,2112275.0000,0.0000,750025.0000,0.0000,1656850.0000,1261221375,3066978750,2342017750,4200878000,9904479625,3088432500,11925927875,4053340250,9796480875,347669125,1024354500,3902914750,606516750,4589803250,8737565500,8737565500,450673625,5639827875,3438014500,11250108625,118345375,74456550,0,33414025,49919925,0,29711500,10594475,15254975,303475,96607200,84328925,0,43295425,0,44503950,0,16521150,0,28848400
13:20:00.0000000000,3477243.3651,12057675.0000,5459650.0000,1967850.0000,0.0000,2090150.0000,0.0000,1311350.0000,325125.0000,619900.0000,122650.0000,7661825.0000,2297750.0000,1559075.0000,2107050.0000,0.0000,2130125.0000,0.0000,745575.0000,0.0000,1656625.0000,881097375,2675240500,1583931375,771647750,7614848625,0,6528169375,3127993375,6400955250,144784500,563373000,2350396875,604523250,4029005000,6862247250,6862247250,0,4015197000,299564375,8066291750,119827175,75778925,33980975,0,50850425,0,30166825,10721825,14351800,1414775,97909975,51187225,34780925,44210475,0,45333575,0,16809500,0,29140250
13:25:00.0000000000,3473186.6193,13387400.0000,4055775.0000,2067075.0000,2226725.0000,0.0000,1407625.0000,373850.0000,533025.0000,183825.0000,59600.0000,7647925.0000,2295475.0000,1573000.0000,0.0000,2035825.0000,0.0000,1883050.0000,0.0000,0.0000,2210875.0000,2251864750,3298770250,4096488500,7042987750,6537353250,9824684625,5704995000,10029779500,6445266125,705207000,1271613625,3005148500,4149934625,3000997250,3705743625,3705743625,18846006375,392991875,8797148500,22586014500,146979450,54054525,35370775,52988675,0,31330675,11062075,12857825,2985075,310375,100125675,52913550,36169375,0,46226675,0,47588650,0,0,47274575
13:30:00.0000000000,3470747.1661,13387950.0000,6174900.0000,0.0000,2254700.0000,0.0000,1495075.0000,396750.0000,544225.0000,189050.0000,54850.0000,7707175.0000,2283425.0000,1635600.0000,0.0000,2095875.0000,0.0000,0.0000,1772150.0000,0.0000,2199725.0000,1613022750,2979194500,2009751000,8859167500,0,12497549125,2993830875,7532518000,3736481875,566584000,1067951000,2297428375,4132380750,0,0,0,18508168875,1858210500,4674141375,21703122875,149492050,92101225,0,54754750,0,32570175,11412525,13074825,3084425,286175,101912075,54195875,37506150,0,48122900,0,0,49502500,0,48292225
13:35:00.0000000000,3475711.1223,13510875.0000,4041325.0000,2123475.0000,0.0000,2298600.0000,0.0000,1592375.0000,404425.0000,686275.0000,123150.0000,7633425.0000,2336675.0000,1692825.0000,2063425.0000,0.0000,1625825.0000,0.0000,607600.0000,747375.0000,754550.0000,1685080500,3369845125,1690075625,5297158500,2885905750,8646989500,4798823125,7132569250,7145842500,697637250,1068359250,1951115250,3554116125,2396890250,1971297875,1971297875,11507192125,3205766500,5625379000,15048309750,152107725,57301150,37602075,0,56377650,0,33833900,11731200,15288375,1485950,104023075,55357300,38938700,49932975,0,51078125,0,18272475,19896625,10977725
13:40:00.0000000000,3477835.6473,11980375.0000,5552175.0000,2129500.0000,0.0000,2347750.0000,0.0000,1560725.0000,362000.0000,738875.0000,80350.0000,7678775.0000,4008650.0000,0.0000,2154350.0000,0.0000,1688025.0000,0.0000,635925.0000,0.0000,1522425.0000,1227092000,3719769500,4062739875,0,13512210375,0,13785909250,5422144625,8405638000,1338336875,1303171750,3587430000,22557125,6405974625,10237161125,10237161125,0,4758948500,2233238000,10256405375,127648775,85793475,38879575,0,58450125,0,34949300,11997600,16407375,653500,106385525,96928925,0,51640050,0,52381500,0,18652150,0,31287200
13:45:00.0000000000,3475365.6772,13418150.0000,4058750.0000,2147300.0000,2360950.0000,0.0000,0.0000,1551925.0000,362450.0000,529600.0000,293500.0000,7654175.0000,2265275.0000,1754600.0000,2187725.0000,0.0000,0.0000,1698550.0000,0.0000,640975.0000,1513925.0000,1236197000,2072693375,2846706750,275199375,8568720000,0,8263130875,3191328250,5475801250,872082625,662381000,2761556625,323900000,4994325875,5561354750,5561354750,3424567000,1696730375,3995821250,7299801625,156332625,60418175,39912700,59926550,0,0,35647675,12172375,13678750,3574950,107969650,57569975,41308325,52889275,0,0,53478225,0,18960350,31565475
13:50:00.0000000000,3475679.3772,13311075.0000,4132175.0000,2220075.0000,0.0000,2426725.0000,0.0000,1554325.0000,365275.0000,754400.0000,79150.0000,7642675.0000,4044750.0000,0.0000,2233800.0000,0.0000,0.0000,1691125.0000,0.0000,614725.0000,1512825.0000,1349928375,1636819875,2430658375,3335072750,3570632375,1391285250,5903436125,3561329750,3878785375,306059500,711772500,1666563750,1901241625,6068493625,0,0,10697288000,0,4673131500,8558306250,158799225,61656875,40952175,0,61220775,0,36315550,12362325,16730500,661700,109550425,100851950,0,54272350,0,0,54685875,0,19255300,31862850
13:55:00.0000000000,3473539.3866,13337275.0000,4109875.0000,2232250.0000,2439275.0000,0.0000,1579400.0000,0.0000,394575.0000,745950.0000,78000.0000,7647200.0000,2341750.0000,1720500.0000,0.0000,2257325.0000,0.0000,1592150.0000,0.0000,601675.0000,1493500.0000,1499986250,3201221500,1949939375,6528316250,3533660750,8281045875,4761084000,6804485500,7430666000,769015250,987135000,2312342625,2768103000,2199993625,2251332375,2251332375,14418510375,59562250,5587028375,19114727000,161432425,63172275,42239975,63157400,0,37573000,0,12689500,17013850,673350,111564300,59846950,43787500,0,56232350,0,56434475,0,19726675,32418100
14:00:00.0000000000,3474256.2470,13343750.0000,4159425.0000,2284950.0000,2503650.0000,0.0000,1637925.0000,0.0000,426975.0000,749100.0000,77650.0000,7683350.0000,2378600.0000,1749975.0000,2294325.0000,0.0000,0.0000,1551125.0000,0.0000,0.0000,2082725.0000,1366433250,3730811750,440271500,8087707250,0,10578320250,0,6550854625,5322063875,451772125,845793250,1725836125,3531245375,951574875,0,0,15918399625,0,4446417875,18851617625,163941500,64656900,43401400,64919275,0,38669925,0,13024550,17238625,678475,113466350,61075550,45188125,58250475,0,0,58016500,0,0,53068675
14:05:00.0000000000,3472186.4980,17438875.0000,2272550.0000,0.0000,2595900.0000,0.0000,1616125.0000,0.0000,1046250.0000,193800.0000,76750.0000,7730450.0000,2385550.0000,1725500.0000,0.0000,2188775.0000,0.0000,0.0000,1505250.0000,0.0000,2057600.0000,1849147125,4226391250,93612500,9421957125,0,14412802500,1455409250,8106935875,4624381750,638612375,1121088000,2082969125,5482675375,39680750,0,0,9112631250,8439287375,3273004375,24001297000,233297800,44953150,0,67127875,0,40226525,0,27868600,3088100,687300,115834975,62415600,47132175,0,60439450,0,0,59680525,0,54143750
14:10:00.0000000000,3468292.8327,16872800.0000,2154975.0000,2756350.0000,0.0000,1825350.0000,0.0000,630000.0000,606225.0000,203475.0000,76575.0000,7754975.0000,2457125.0000,0.0000,1674850.0000,0.0000,2010325.0000,0.0000,1242175.0000,0.0000,1920050.0000,5018016875,2980856375,7152493750,3912979500,10570899375,7472850375,9315254500,10129627500,4033998750,1784764750,2019715500,5533580750,4442759125,8533513875,17190347625,17190347625,325547250,26251347000,6037371500,45463508000,242050250,47271050,70680075,0,42732575,0,14215825,14874350,3189700,709250,121574475,65134475,0,50351350,0,63702300,0,62040275,0,55732850
14:15:00.0000000000,3454754.7723,18689700.0000,2867675.0000,2065275.0000,0.0000,711225.0000,647750.0000,0.0000,165325.0000,76075.0000,54075.0000,5664050.0000,1250325.0000,1009400.0000,0.0000,2472375.0000,0.0000,1811950.0000,0.0000,1141775.0000,3831250.0000,6153954500,4095962125,7454792000,4322545250,13873522000,6040779125,12560098250,10646834750,6132620125,2964759625,2973006500,4995767250,5111941750,13192646500,11259935750,11259935750,14314463250,3390400375,19200682625,90566295000,301643100,74896925,46258450,0,16001400,15816100,0,2468225,1440675,338950,60691050,37995400,30928200,0,68652125,0,53429000,0,64267150,124235250
14:20:00.0000000000,3455314.4040,17514225.0000,2505675.0000,2017525.0000,1279900.0000,0.0000,0.0000,972800.0000,231700.0000,93200.0000,184325.0000,6247550.0000,620025.0000,949075.0000,1982775.0000,0.0000,0.0000,1274150.0000,1217600.0000,0.0000,2318700.0000,7155616500,6236557875,10138218125,7734606125,12023613750,10278242375,16726024125,9578754125,12451608500,6003428000,4444690500,5305044250,5398185625,17552610625,15120758500,15120758500,26121692375,27996874625,40878461625,132510399375,314424350,78756675,50328925,19501975,0,0,18298550,3019100,1288550,1069025,82224350,26596375,33906900,74341100,0,0,57739325,69393350,0,125985500
14:25:00.0000000000,3450172.6389,19026450.0000,1970850.0000,1616300.0000,0.0000,0.0000,1299125.0000,0.0000,268925.0000,124800.0000,215850.0000,6236875.0000,732750.0000,1037275.0000,0.0000,1857450.0000,0.0000,0.0000,1063350.0000,765500.0000,2037525.0000,6205016875,4226649000,5299057125,4876407000,9687745125,9458922750,9348340250,4780220250,6223287000,7171207000,2856738375,4259026500,4818425750,9477270000,11315347125,11315347125,14769454750,17762995000,34041631000,71144099750,405137700,53346925,22668475,0,0,20873400,0,3567625,1494400,1256275,87263525,28942775,36889175,0,78444600,0,0,60570900,71162600,128074100
14:30:00.0000000000,3454970.3482,18678150.0000,1950325.0000,0.0000,1765450.0000,0.0000,0.0000,1505200.0000,0.0000,326925.0000,391075.0000,6968025.0000,1320300.0000,0.0000,1951875.0000,0.0000,0.0000,995350.0000,693900.0000,795850.0000,1186650.0000,4856407000,3559190750,4072615750,6088462375,4345418500,13458189625,5275595125,5294121875,5501244125,8488390750,2264305250,3100107875,5354610375,4023954750,8787502125,8787502125,12222641000,14734346375,31284236500,48833198500,413910475,55822800,0,25688950,0,0,23830400,0,4233200,3150275,122633850,39825150,0,82636575,0,0,62429300,72345675,91620425,37859275
14:35:00.0000000000,3454264.3817,18057925.0000,2017225.0000,0.0000,1740750.0000,0.0000,0.0000,1260350.0000,0.0000,302800.0000,357725.0000,7082425.0000,1375450.0000,0.0000,2327775.0000,0.0000,0.0000,1006750.0000,0.0000,1113725.0000,1413900.0000,4237172375,3548893750,0,8533551000,3148968875,2446637000,16401376625,2589077125,5377645875,8751356125,1928282125,2907719250,1409558000,12176898250,7683352125,7683352125,11610290000,8689021250,21219887500,28480340125,423636725,58216850,0,28705875,0,0,26272900,0,4662300,3381175,127936900,42434925,0,86818525,0,0,64626825,0,141829075,62115125
14:40:00.0000000000,3446892.7190,18936650.0000,1921950.0000,0.0000,0.0000,1670425.0000,0.0000,448900.0000,0.0000,151550.0000,230675.0000,6314050.0000,830875.0000,1361800.0000,0.0000,0.0000,2006925.0000,0.0000,0.0000,800675.0000,2343950.0000,4121421375,3246943750,3712833500,3569707375,7900666500,6231605250,5370076500,5978031750,4230022375,8525037000,2034037875,3213768375,3453362750,6697919250,13670423500,13670423500,5188055125,20741992375,28320816625,43613081375,495170050,32918550,0,0,29911875,0,5553500,0,2120175,1618150,99574525,35217375,45977875,0,0,91127300,0,0,66833475,206159400
14:45:00.0000000000,3451956.6453,18568175.0000,0.0000,1914000.0000,0.0000,0.0000,1822975.0000,0.0000,0.0000,0.0000,981625.0000,7402475.0000,1496950.0000,0.0000,0.0000,2075625.0000,0.0000,0.0000,770475.0000,1177700.0000,1089275.0000,3781643875,2480256875,4059903000,1136383750,9396024000,3978742000,7866899250,7117179625,3733439500,13493281750,2250232000,3325890875,4092005250,4133236500,16533235875,16533235875,7864456000,11405468250,25053634500,35929331750,505928525,0,36682250,0,0,34123700,0,0,0,11201875,141913400,50289325,0,0,95838725,0,0,68463975,168893150,38984975
14:50:00.0000000000,3456499.0896,16359425.0000,1865850.0000,0.0000,1779875.0000,0.0000,0.0000,0.0000,1444400.0000,0.0000,866275.0000,7335875.0000,1668825.0000,0.0000,2502425.0000,0.0000,0.0000,1014025.0000,0.0000,964400.0000,1223325.0000,2817936375,2959414375,1871196125,10721034375,32230625,401466625,10770337000,14131626250,587550250,19816891125,2084269250,2158794500,2344189500,9178586125,2075454625,2075454625,20594968500,3715487875,24737160875,25346359875,451184075,66612600,0,41526225,0,0,0,37610625,0,12271375,148318625,53339700,0,100946250,0,0,71408375,0,146179200,63576025
14:55:00.0000000000,3459579.2877,15280175.0000,1973400.0000,0.0000,0.0000,1789650.0000,0.0000,0.0000,0.0000,1104100.0000,799425.0000,8783975.0000,0.0000,2596850.0000,0.0000,0.0000,1327600.0000,0.0000,0.0000,991000.0000,1196575.0000,2500117500,2679755000,931777125,7024344375,7896714375,189627500,1433964250,11226592500,13288904500,24729276750,1957997625,970192750,5583204250,7876473750,15527068750,15527068750,10697260000,13607546875,28187122375,13134754375,461424575,70988750,0,0,47135150,0,0,0,41133075,13358400,209934725,0,106598600,0,0,75121225,0,0,148010375,64040500
15:00:00.0000000000,3463164.9185,14936100.0000,2135875.0000,0.0000,0.0000,0.0000,0.0000,1637025.0000,0.0000,0.0000,1529200.0000,8442275.0000,2638150.0000,0.0000,1680575.0000,0.0000,0.0000,0.0000,654025.0000,427125.0000,1180775.0000,1287401625,3637519250,803527875,0,2603096375,8501861750,12635700250,3497427750,14956679625,36285311375,1857907750,4664330875,939775750,8018168625,2422277750,2422277750,193720250,14436593250,17758623000,25318757000,469236150,76702100,0,0,0,0,53146100,0,0,57796600,217509050,113509875,0,81988050,0,0,0,79614325,71576475,64592600
15:05:00.0000000000,3464670.6391,14249125.0000,2631500.0000,0.0000,0.0000,0.0000,0.0000,0.0000,0.0000,1181175.0000,1294525.0000,9873700.0000,2302225.0000,0.0000,0.0000,0.0000,0.0000,0.0000,0.0000,960775.0000,1627150.0000,1191372125,1258578250,4018777875,648046375,0,0,502946250,5544347000,12431957250,47329951125,2206518500,2953228250,4149081750,666023500,0,0,6093119500,13312196125,14495573125,24644501625,477302875,84733900,0,0,0,0,0,0,57796400,59837675,343057325,91035150,0,0,0,0,0,0,83708975,137783650
15:10:00.0000000000,3466189.9057,13351450.0000,2613350.0000,0.0000,0.0000,0.0000,0.0000,0.0000,0.0000,1022675.0000,1199550.0000,11916175.0000,0.0000,0.0000,0.0000,0.0000,0.0000,0.0000,923550.0000,468050.0000,1046125.0000,798848500,774048250,0,0,0,88899500,3011740125,6993687500,12369816875,26481937750,784562375,1864244750,1622248750,976299750,0,0,105151000,3215193375,6080771500,45032452625,483717350,90421850,0,0,0,0,0,0,62266250,61344275,450577175,0,0,0,0,0,0,87359875,73642675,65636575
15:15:00.0000000000,3468078.0359,12917625.0000,2910400.0000,0.0000,0.0000,0.0000,0.0000,0.0000,0.0000,0.0000,2025175.0000,11155350.0000,0.0000,0.0000,0.0000,0.0000,0.0000,977200.0000,497875.0000,538475.0000,477275.0000,231291000,1221718000,433155625,65247500,0,0,0,0,8716227875,31638870000,586833875,0,0,0,642884375,642884375,5398903250,6430871000,13638567000,12402768625,487557625,97282150,0,0,0,0,0,0,0,127351725,458023950,0,0,0,0,0,90374175,74501725,58829750,7241825
15:20:00.0000000000,3460069.0523,14189675.0000,0.0000,0.0000,0.0000,0.0000,662750.0000,0.0000,771350.0000,256900.0000,21875.0000,7351950.0000,0.0000,0.0000,0.0000,2059475.0000,0.0000,0.0000,0.0000,0.0000,2207950.0000,282217125,160023875,151777125,0,37569250,2138418000,1138469875,4118569500,4143269500,19122443625,180783375,81774500,68705250,61482375,1617746750,1617746750,1779038500,3442653875,6342588750,22592157000,594796825,0,0,0,0,67330050,0,57706950,5574975,46775,357247350,0,0,0,108222450,0,0,0,0,234478725
15:25:00.0000000000,3453640.7341,12771050.0000,0.0000,788550.0000,0.0000,0.0000,499700.0000,243300.0000,204375.0000,61425.0000,27750.0000,7008750.0000,0.0000,0.0000,0.0000,2265550.0000,0.0000,0.0000,0.0000,0.0000,2052800.0000,59205750,0,1647061500,3149851875,3650609125,4468651250,7201254125,7891466250,2332338500,341339000,102989875,0,45155750,310438250,0,0,5576375,0,0,46027679750,599332150,0,71434500,0,0,48625075,10123850,4784475,894050,100350,360767300,0,0,0,116218775,0,0,0,0,237787875
