Time,Bnft_Vega_Pnl,Bnft_Vega,Nifty_Vega_Pnl,Nifty_Vega,Bnft_Delta_Pnl,Bnft_Delta,Nifty_Delta_Pnl,Nifty_Delta,Bnft_Theta_Pnl,Bnft_Theta,Nifty_Theta_Pnl,Nifty_Theta,Total_Bnft_Pnl,Total_Nifty_Pnl,Mean,Indicator,Beta,Regression_Error,Theo_Margin,Actual_Margin,Bnft_Slippage,Nifty_Slippage,Theo_P_Bnft,Actual_P_Bnft,Theo_C_Bnft,Actual_C_Bnft,Theo_P_Nifty,Actual_P_Nifty,Theo_C_Nifty,Actual_C_Nifty
09:16:00.0,0,0,0,0,0,0,0,0,0,0,0,0,0,0,0,0,0.61363,0.35,0,4e+07,0,0,0,0,0,0,0,0,0,0
09:16:30.0,0,0,0,0,0,0,0,0,0,0,0,0,0,0,-0.0157412,0.0256521,0.60876,0.35,0,4e+07,0,0,0,0,0,0,0,0,0,0
09:17:00.0,0,0,0,0,0,0,0,0,0,0,0,0,0,0,-0.0088273,-0.00632164,0.608811,0.35,0,4e+07,0,0,0,0,0,0,0,0,0,0
09:17:30.0,0,0,0,0,0,0,0,0,0,0,0,0,0,0,-0.0313692,-0.1175,0.607202,0.35,0,4e+07,0,0,0,0,0,0,0,0,0,0
09:18:00.0,0,0,0,0,0,0,0,0,0,0,0,0,0,0,-0.0409962,-0.0886828,0.606088,0.35,0,4e+07,0,0,0,0,0,0,0,0,0,0
09:18:30.0,0,0,0,0,0,0,0,0,0,0,0,0,0,0,-0.0539569,-0.058786,0.604798,0.35,0,4e+07,0,0,0,0,0,0,0,0,0,0
09:19:00.0,0,0,0,0,0,0,0,0,0,0,0,0,0,0,-0.0572495,-0.0590461,0.604067,0.35,0,4e+07,0,0,0,0,0,0,0,0,0,0
09:19:30.0,0,0,0,0,0,0,0,0,0,0,0,0,0,0,-0.0413447,0.0464754,0.604512,0.35,0,4e+07,0,0,0,0,0,0,0,0,0,0
09:20:00.0,0,0,0,0,0,0,0,0,0,0,0,0,0,0,-0.0283523,0.069729,0.604961,0.35,0,4e+07,0,0,0,0,0,0,0,0,0,0
09:20:30.0,0,0,0,0,0,0,0,0,0,0,0,0,0,0,-0.0119807,0.0950898,0.605726,0.35,0,4e+07,0,0,0,0,0,0,0,0,0,0
09:21:00.0,0,0,0,0,0,0,0,0,0,0,0,0,0,0,0.0031124,0.183487,0.606518,0.35,0,4e+07,0,0,0,0,0,0,0,0,0,0
09:21:30.0,0,0,0,0,0,0,0,0,0,0,0,0,0,0,0.0141679,0.130896,0.607169,0.35,0,4e+07,0,0,0,0,0,0,0,0,0,0
09:22:00.0,0,0,0,0,0,0,0,0,0,0,0,0,0,0,0.0263305,0.214514,0.607925,0.35,0,4e+07,0,0,0,0,0,0,0,0,0,0
09:22:30.0,0,0,0,0,0,0,0,0,0,0,0,0,0,0,0.0385047,0.140206,0.608737,0.35,0,4e+07,0,0,0,0,0,0,0,0,0,0
09:23:00.0,0,0,0,0,0,0,0,0,0,0,0,0,0,0,0.043659,0.0918061,0.609188,0.35,0,4e+07,0,0,0,0,0,0,0,0,0,0
09:23:30.0,0,0,0,0,0,0,0,0,0,0,0,0,0,0,0.0468844,0.13365,0.609535,0.35,0,4e+07,0,0,0,0,0,0,0,0,0,0
09:24:00.0,0,0,0,0,0,0,0,0,0,0,0,0,0,0,0.0549722,0.213415,0.610153,0.35,0,4e+07,0,0,0,0,0,0,0,0,0,0
09:24:30.0,0,0,0,0,0,0,0,0,0,0,0,0,0,0,0.0652444,0.184425,0.610916,0.35,0,4e+07,0,0,0,0,0,0,0,0,0,0
09:25:00.0,0,0,0,0,0,0,0,0,0,0,0,0,0,0,0.0725758,0.167302,0.611535,0.35,0,4e+07,0,0,0,0,0,0,0,0,0,0
09:25:30.0,0,0,0,0,0,0,0,0,0,0,0,0,0,0,0.0794251,0.167652,0.612134,0.35,0,4e+07,0,0,0,0,0,0,0,0,0,0
09:26:00.0,0,0,0,0,0,0,0,0,0,0,0,0,0,0,0.0786454,0.118894,0.612314,0.35,0,4e+07,0,0,0,0,0,0,0,0,0,0
09:26:30.0,0,0,0,0,0,0,0,0,0,0,0,0,0,0,0.0817259,0.173962,0.612698,0.35,0,4e+07,0,0,0,0,0,0,0,0,0,0
09:27:00.0,0,0,0,0,0,0,0,0,0,0,0,0,0,0,0.0854488,0.0791558,0.613115,0.35,0,4e+07,0,0,0,0,0,0,0,0,0,0
09:27:30.0,0,0,0,0,0,0,0,0,0,0,0,0,0,0,0.0864671,0.125094,0.613381,0.35,0,4e+07,0,0,0,0,0,0,0,0,0,0
09:28:00.0,0,0,0,0,0,0,0,0,0,0,0,0,0,0,0.0884762,0.154976,0.613695,0.35,0,4e+07,0,0,0,0,0,0,0,0,0,0
09:28:30.0,0,0,0,0,0,0,0,0,0,0,0,0,0,0,0.0923834,0.184927,0.614113,0.35,0,4e+07,0,0,0,0,0,0,0,0,0,0
09:29:00.0,0,0,0,0,0,0,0,0,0,0,0,0,0,0,0.0949381,0.138979,0.614456,0.35,0,4e+07,0,0,0,0,0,0,0,0,0,0
09:29:30.0,0,0,0,0,0,0,0,0,0,0,0,0,0,0,0.0943707,0.0418377,0.614621,0.35,0,4e+07,0,0,0,0,0,0,0,0,0,0
09:30:00.0,0,0,0,0,0,0,0,0,0,0,0,0,0,0,0.0894418,-0.0080567,0.614534,0.35,0,4e+07,0,0,0,0,0,0,0,0,0,0
09:30:30.0,0,0,0,0,0,0,0,0,0,0,0,0,0,0,0.0883401,0.108165,0.614643,0.35,0,4e+07,0,0,0,0,0,0,0,0,0,0
09:31:00.0,0,0,0,0,0,0,0,0,0,0,0,0,0,0,0.0885754,0.134232,0.614819,0.35,0,4e+07,0,0,0,0,0,0,0,0,0,0
09:31:30.0,0,0,0,0,0,0,0,0,0,0,0,0,0,0,0.0879436,0.0486366,0.614942,0.35,0,4e+07,0,0,0,0,0,0,0,0,0,0
09:32:00.0,0,0,0,0,0,0,0,0,0,0,0,0,0,0,0.0877936,0.112082,0.615086,0.35,0,4e+07,0,0,0,0,0,0,0,0,0,0
09:32:30.0,0,0,0,0,0,0,0,0,0,0,0,0,0,0,0.0876109,0.0397771,0.615223,0.35,0,4e+07,0,0,0,0,0,0,0,0,0,0
09:33:00.0,0,0,0,0,0,0,0,0,0,0,0,0,0,0,0.0861436,0.0158097,0.615284,0.35,0,4e+07,0,0,0,0,0,0,0,0,0,0
09:33:30.0,0,0,0,0,0,0,0,0,0,0,0,0,0,0,0.0845337,0.08262,0.615331,0.35,0,4e+07,0,0,0,0,0,0,0,0,0,0
09:34:00.0,0,0,0,0,0,0,0,0,0,0,0,0,0,0,0.0856992,0.168975,0.615525,0.35,0,4e+07,0,0,0,0,0,0,0,0,0,0
09:34:30.0,0,0,0,0,0,0,0,0,0,0,0,0,0,0,0.0882477,0.141335,0.615793,0.35,0,4e+07,0,0,0,0,0,0,0,0,0,0
09:35:00.0,0,0,0,0,0,0,0,0,0,0,0,0,0,0,0.0894887,0.132715,0.615989,0.35,0,4e+07,0,0,0,0,0,0,0,0,0,0
09:35:30.0,0,0,0,0,0,0,0,0,0,0,0,0,0,0,0.0912847,0.143783,0.616214,0.35,0,4e+07,0,0,0,0,0,0,0,0,0,0
09:36:00.0,0,0,0,0,0,0,0,0,0,0,0,0,0,0,0.0920123,0.120815,0.616379,0.35,0,4e+07,0,0,0,0,0,0,0,0,0,0
09:36:30.0,0,0,0,0,0,0,0,0,0,0,0,0,0,0,0.0920678,0.051065,0.616506,0.35,0,4e+07,0,0,0,0,0,0,0,0,0,0
09:37:00.0,0,0,0,0,0,0,0,0,0,0,0,0,0,0,0.092028,0.120821,0.616624,0.35,0,4e+07,0,0,0,0,0,0,0,0,0,0
09:37:30.0,0,0,0,0,0,0,0,0,0,0,0,0,0,0,0.0915256,0.0436544,0.616714,0.35,0,4e+07,0,0,0,0,0,0,0,0,0,0
09:38:00.0,0,0,0,0,0,0,0,0,0,0,0,0,0,0,0.0903828,0.0351328,0.616766,0.35,0,4e+07,0,0,0,0,0,0,0,0,0,0
09:38:30.0,0,0,0,0,0,0,0,0,0,0,0,0,0,0,0.0898695,0.121027,0.616848,0.35,0,4e+07,0,0,0,0,0,0,0,0,0,0
09:39:00.0,0,0,0,0,0,0,0,0,0,0,0,0,0,0,0.0900093,0.0778735,0.616963,0.35,0,4e+07,0,0,0,0,0,0,0,0,0,0
09:39:30.0,0,0,0,0,0,0,0,0,0,0,0,0,0,0,0.0903832,0.122316,0.617089,0.35,0,4e+07,0,0,0,0,0,0,0,0,0,0
09:40:00.0,0,0,0,0,0,0,0,0,0,0,0,0,0,0,0.0901793,0.109936,0.617181,0.35,0,4e+07,0,0,0,0,0,0,0,0,0,0
09:40:30.0,0,0,0,0,0,0,0,0,0,0,0,0,0,0,0.0900931,0.0718879,0.617278,0.35,0,4e+07,0,0,0,0,0,0,0,0,0,0
09:41:00.0,0,0,0,0,0,0,0,0,0,0,0,0,0,0,0.0893662,0.0666254,0.617337,0.35,0,4e+07,0,0,0,0,0,0,0,0,0,0
09:41:30.0,0,0,0,0,0,0,0,0,0,0,0,0,0,0,0.088259,-0.0133038,0.617372,0.35,0,4e+07,0,0,0,0,0,0,0,0,0,0
09:42:00.0,0,0,0,0,0,0,0,0,0,0,0,0,0,0,0.0858611,-0.0722419,0.617334,0.35,0,4e+07,0,0,0,0,0,0,0,0,0,0
09:42:30.0,0,0,0,0,0,0,0,0,0,0,0,0,0,0,0.0837617,-0.00909488,0.617307,0.35,0,4e+07,0,0,0,0,0,0,0,0,0,0
09:43:00.0,0,0,0,0,0,0,0,0,0,0,0,0,0,0,0.0815012,-0.0424225,0.617268,0.35,0,4e+07,0,0,0,0,0,0,0,0,0,0
09:43:30.0,0,0,0,0,0,0,0,0,0,0,0,0,0,0,0.0795435,-0.0411129,0.617242,0.35,0,4e+07,0,0,0,0,0,0,0,0,0,0
09:44:00.0,0,0,0,0,0,0,0,0,0,0,0,0,0,0,0.0772668,-0.0424579,0.617195,0.35,0,4e+07,0,0,0,0,0,0,0,0,0,0
09:44:30.0,0,0,0,0,0,0,0,0,0,0,0,0,0,0,0.0748019,-0.0483773,0.617134,0.35,0,4e+07,0,0,0,0,0,0,0,0,0,0
09:45:00.0,0,0,0,0,0,0,0,0,0,0,0,0,0,0,0.0728896,0.00961728,0.6171,0.35,0,4e+07,0,0,0,0,0,0,0,0,0,0
09:45:30.0,0,0,0,0,0,0,0,0,0,0,0,0,0,0,0.0715803,0.0227336,0.617095,0.35,0,4e+07,0,0,0,0,0,0,0,0,0,0
09:46:00.0,0,0,0,0,0,0,0,0,0,0,0,0,0,0,0.0708874,0.0294495,0.617123,0.35,0,4e+07,0,0,0,0,0,0,0,0,0,0
09:46:30.0,0,0,0,0,0,0,0,0,0,0,0,0,0,0,0.0702213,0.0246354,0.61715,0.35,0,4e+07,0,0,0,0,0,0,0,0,0,0
09:47:00.0,0,0,0,0,0,0,0,0,0,0,0,0,0,0,0.0692277,0.0149684,0.617157,0.35,0,4e+07,0,0,0,0,0,0,0,0,0,0
09:47:30.0,0,0,0,0,0,0,0,0,0,0,0,0,0,0,0.068693,0.0578155,0.617188,0.35,0,4e+07,0,0,0,0,0,0,0,0,0,0
09:48:00.0,0,0,0,0,0,0,0,0,0,0,0,0,0,0,0.0688983,0.0852415,0.617258,0.35,0,4e+07,0,0,0,0,0,0,0,0,0,0
09:48:30.0,0,0,0,0,0,0,0,0,0,0,0,0,0,0,0.0691058,0.0724221,0.617328,0.35,0,4e+07,0,0,0,0,0,0,0,0,0,0
09:49:00.0,0,0,0,0,0,0,0,0,0,0,0,0,0,0,0.0694118,0.0646713,0.617402,0.35,0,4e+07,0,0,0,0,0,0,0,0,0,0
09:49:30.0,0,0,0,0,0,0,0,0,0,0,0,0,0,0,0.0695445,0.116229,0.617466,0.35,0,4e+07,0,0,0,0,0,0,0,0,0,0
09:50:00.0,0,0,0,0,0,0,0,0,0,0,0,0,0,0,0.0702665,0.116482,0.617562,0.35,0,4e+07,0,0,0,0,0,0,0,0,0,0
09:50:30.0,0,0,0,0,0,0,0,0,0,0,0,0,0,0,0.0709745,0.124626,0.617656,0.35,0,4e+07,0,0,0,0,0,0,0,0,0,0
09:51:00.0,0,0,0,0,0,0,0,0,0,0,0,0,0,0,0.0713252,0.024013,0.617731,0.35,0,4e+07,0,0,0,0,0,0,0,0,0,0
09:51:30.0,0,0,0,0,0,0,0,0,0,0,0,0,0,0,0.0710518,0.0182991,0.617772,0.35,0,4e+07,0,0,0,0,0,0,0,0,0,0
09:52:00.0,0,0,0,0,0,0,0,0,0,0,0,0,0,0,0.070718,0.0518205,0.617808,0.35,0,4e+07,0,0,0,0,0,0,0,0,0,0
09:52:30.0,0,0,0,0,0,0,0,0,0,0,0,0,0,0,0.0704568,0.0429322,0.617846,0.35,0,4e+07,0,0,0,0,0,0,0,0,0,0
09:53:00.0,0,0,0,0,0,0,0,0,0,0,0,0,0,0,0.0700041,0.0485877,0.617874,0.35,0,4e+07,0,0,0,0,0,0,0,0,0,0
09:53:30.0,0,0,0,0,0,0,0,0,0,0,0,0,0,0,0.070159,0.103586,0.617933,0.35,0,4e+07,0,0,0,0,0,0,0,0,0,0
09:54:00.0,0,0,0,0,0,0,0,0,0,0,0,0,0,0,0.0706693,0.0912135,0.618011,0.35,0,4e+07,0,0,0,0,0,0,0,0,0,0
09:54:30.0,0,0,0,0,0,0,0,0,0,0,0,0,0,0,0.0708331,0.0665585,0.618069,0.35,0,4e+07,0,0,0,0,0,0,0,0,0,0
09:55:00.0,0,0,0,0,0,0,0,0,0,0,0,0,0,0,0.0705853,0.0602382,0.618105,0.35,0,4e+07,0,0,0,0,0,0,0,0,0,0
09:55:30.0,0,0,0,0,0,0,0,0,0,0,0,0,0,0,0.0706008,0.0861325,0.618155,0.35,0,4e+07,0,0,0,0,0,0,0,0,0,0
09:56:00.0,0,0,0,0,0,0,0,0,0,0,0,0,0,0,0.0704754,0.0669859,0.618196,0.35,0,4e+07,0,0,0,0,0,0,0,0,0,0
09:56:30.0,0,0,0,0,0,0,0,0,0,0,0,0,0,0,0.0704754,0.0504476,0.618244,0.35,0,4e+07,0,0,0,0,0,0,0,0,0,0
09:57:00.0,0,0,0,0,0,0,0,0,0,0,0,0,0,0,0.0701197,0.000864642,0.618271,0.35,0,4e+07,0,0,0,0,0,0,0,0,0,0
09:57:30.0,0,0,0,0,0,0,0,0,0,0,0,0,0,0,0.0694986,0.0227343,0.618284,0.35,0,4e+07,0,0,0,0,0,0,0,0,0,0
09:58:00.0,0,0,0,0,0,0,0,0,0,0,0,0,0,0,0.0691915,0.0386708,0.618312,0.35,0,4e+07,0,0,0,0,0,0,0,0,0,0
09:58:30.0,0,0,0,0,0,0,0,0,0,0,0,0,0,0,0.0688156,0.0411407,0.618336,0.35,0,4e+07,0,0,0,0,0,0,0,0,0,0
09:59:00.0,0,0,0,0,0,0,0,0,0,0,0,0,0,0,0.0687465,0.0690081,0.618376,0.35,0,4e+07,0,0,0,0,0,0,0,0,0,0
09:59:30.0,0,0,0,0,0,0,0,0,0,0,0,0,0,0,0.0691777,0.107247,0.618443,0.35,0,4e+07,0,0,0,0,0,0,0,0,0,0
10:00:00.0,0,0,0,0,0,0,0,0,0,0,0,0,0,0,0.0694207,0.0875116,0.618499,0.35,0,4e+07,0,0,0,0,0,0,0,0,0,0
10:00:30.0,0,0,0,0,0,0,0,0,0,0,0,0,0,0,0.06987,0.0895374,0.618566,0.35,0,4e+07,0,0,0,0,0,0,0,0,0,0
10:01:00.0,0,0,0,0,0,0,0,0,0,0,0,0,0,0,0.0694811,0.021717,0.618587,0.35,0,4e+07,0,0,0,0,0,0,0,0,0,0
10:01:30.0,0,0,0,0,0,0,0,0,0,0,0,0,0,0,0.0689588,0.0358372,0.618601,0.35,0,4e+07,0,0,0,0,0,0,0,0,0,0
10:02:00.0,0,0,0,0,0,0,0,0,0,0,0,0,0,0,0.0685782,0.0148599,0.618621,0.35,0,4e+07,0,0,0,0,0,0,0,0,0,0
10:02:30.0,0,0,0,0,0,0,0,0,0,0,0,0,0,0,0.0680359,0.0190229,0.618631,0.35,0,4e+07,0,0,0,0,0,0,0,0,0,0
10:03:00.0,0,0,0,0,0,0,0,0,0,0,0,0,0,0,0.0674703,0.00800846,0.61864,0.35,0,4e+07,0,0,0,0,0,0,0,0,0,0
10:03:30.0,0,0,0,0,0,0,0,0,0,0,0,0,0,0,0.0670299,0.0109346,0.618655,0.35,0,4e+07,0,0,0,0,0,0,0,0,0,0
10:04:00.0,0,0,0,0,0,0,0,0,0,0,0,0,0,0,0.0665846,0.0389554,0.618669,0.35,0,4e+07,0,0,0,0,0,0,0,0,0,0
10:04:30.0,0,0,0,0,0,0,0,0,0,0,0,0,0,0,0.066255,0.0257103,0.618688,0.35,0,4e+07,0,0,0,0,0,0,0,0,0,0
10:05:00.0,0,0,0,0,0,0,0,0,0,0,0,0,0,0,0.0658883,0.0332512,0.618705,0.35,0,4e+07,0,0,0,0,0,0,0,0,0,0
10:05:30.0,0,0,0,0,0,0,0,0,0,0,0,0,0,0,0.0654068,0.0287743,0.618715,0.35,0,4e+07,0,0,0,0,0,0,0,0,0,0
10:06:00.0,0,0,0,0,0,0,0,0,0,0,0,0,0,0,0.065044,0.00294478,0.618731,0.35,0,4e+07,0,0,0,0,0,0,0,0,0,0
10:06:30.0,0,0,0,0,0,0,0,0,0,0,0,0,0,0,0.0643267,-0.0221099,0.618727,0.35,0,4e+07,0,0,0,0,0,0,0,0,0,0
10:07:00.0,0,0,0,0,0,0,0,0,0,0,0,0,0,0,0.063347,-0.0661491,0.618708,0.35,0,4e+07,0,0,0,0,0,0,0,0,0,0
10:07:30.0,0,0,0,0,0,0,0,0,0,0,0,0,0,0,0.0622382,-0.0527323,0.618681,0.35,0,4e+07,0,0,0,0,0,0,0,0,0,0
10:08:00.0,0,0,0,0,0,0,0,0,0,0,0,0,0,0,0.0611757,-0.0389431,0.618655,0.35,0,4e+07,0,0,0,0,0,0,0,0,0,0
10:08:30.0,0,0,0,0,0,0,0,0,0,0,0,0,0,0,0.0601507,-0.0686012,0.618631,0.35,0,4e+07,0,0,0,0,0,0,0,0,0,0
10:09:00.0,0,0,0,0,0,0,0,0,0,0,0,0,0,0,0.0589614,-0.0875758,0.618597,0.35,0,4e+07,0,0,0,0,0,0,0,0,0,0
10:09:30.0,0,0,0,0,0,0,0,0,0,0,0,0,0,0,0.0576059,-0.0892548,0.618553,0.35,0,4e+07,0,0,0,0,0,0,0,0,0,0
10:10:00.0,0,0,0,0,0,0,0,0,0,0,0,0,0,0,0.0564207,-0.0655522,0.618517,0.35,0,4e+07,0,0,0,0,0,0,0,0,0,0
10:10:30.0,0,0,0,0,0,0,0,0,0,0,0,0,0,0,0.0553371,-0.0696576,0.618486,0.35,0,4e+07,0,0,0,0,0,0,0,0,0,0
10:11:00.0,0,0,0,0,0,0,0,0,0,0,0,0,0,0,0.0543019,-0.0471317,0.618457,0.35,0,4e+07,0,0,0,0,0,0,0,0,0,0
10:11:30.0,0,0,0,0,0,0,0,0,0,0,0,0,0,0,0.0534225,-0.0539507,0.618436,0.35,0,4e+07,0,0,0,0,0,0,0,0,0,0
10:12:00.0,0,0,0,0,0,0,0,0,0,0,0,0,0,0,0.0524694,-0.0645977,0.61841,0.35,0,4e+07,0,0,0,0,0,0,0,0,0,0
10:12:30.0,0,0,0,0,0,0,0,0,0,0,0,0,0,0,0.0515341,-0.0676587,0.618384,0.35,0,4e+07,0,0,0,0,0,0,0,0,0,0
10:13:00.0,0,0,0,0,0,0,0,0,0,0,0,0,0,0,0.0505954,-0.0178769,0.618358,0.35,0,4e+07,0,0,0,0,0,0,0,0,0,0
10:13:30.0,0,0,0,0,0,0,0,0,0,0,0,0,0,0,0.0498496,-0.0271715,0.618341,0.35,0,4e+07,0,0,0,0,0,0,0,0,0,0
10:14:00.0,0,0,0,0,0,0,0,0,0,0,0,0,0,0,0.049091,-0.0364284,0.618323,0.35,0,4e+07,0,0,0,0,0,0,0,0,0,0
10:14:30.0,0,0,0,0,0,0,0,0,0,0,0,0,0,0,0.0486059,0.00913072,0.61832,0.35,0,4e+07,0,0,0,0,0,0,0,0,0,0
10:15:00.0,0,0,0,0,0,0,0,0,0,0,0,0,0,0,0.0482127,-0.0217076,0.618321,0.35,0,4e+07,0,0,0,0,0,0,0,0,0,0
10:15:30.0,0,0,0,0,0,0,0,0,0,0,0,0,0,0,0.0476964,-0.00409253,0.618315,0.35,0,4e+07,0,0,0,0,0,0,0,0,0,0
10:16:00.0,0,0,0,0,0,0,0,0,0,0,0,0,0,0,0.0474794,0.0268206,0.618324,0.35,0,4e+07,0,0,0,0,0,0,0,0,0,0
10:16:30.0,0,0,0,0,0,0,0,0,0,0,0,0,0,0,0.04731,0.0166569,0.618337,0.35,0,4e+07,0,0,0,0,0,0,0,0,0,0
10:17:00.0,0,0,0,0,0,0,0,0,0,0,0,0,0,0,0.0470518,0.0158562,0.618344,0.35,0,4e+07,0,0,0,0,0,0,0,0,0,0
10:17:30.0,0,0,0,0,0,0,0,0,0,0,0,0,0,0,0.0466928,0.0220015,0.618345,0.35,0,4e+07,0,0,0,0,0,0,0,0,0,0
10:18:00.0,0,0,0,0,0,0,0,0,0,0,0,0,0,0,0.0463832,-0.0043812,0.618349,0.35,0,4e+07,0,0,0,0,0,0,0,0,0,0
10:18:30.0,0,0,0,0,0,0,0,0,0,0,0,0,0,0,0.0459764,-0.00836967,0.618347,0.35,0,4e+07,0,0,0,0,0,0,0,0,0,0
10:19:00.0,0,0,0,0,0,0,0,0,0,0,0,0,0,0,0.0455882,-0.0268192,0.618345,0.35,0,4e+07,0,0,0,0,0,0,0,0,0,0
10:19:30.0,0,0,0,0,0,0,0,0,0,0,0,0,0,0,0.0450956,-0.00101367,0.618338,0.35,0,4e+07,0,0,0,0,0,0,0,0,0,0
10:20:00.0,0,0,0,0,0,0,0,0,0,0,0,0,0,0,0.0446424,-0.0282036,0.618332,0.35,0,4e+07,0,0,0,0,0,0,0,0,0,0
10:20:30.0,0,0,0,0,0,0,0,0,0,0,0,0,0,0,0.0441344,-0.0331517,0.618323,0.35,0,4e+07,0,0,0,0,0,0,0,0,0,0
10:21:00.0,0,0,0,0,0,0,0,0,0,0,0,0,0,0,0.0434233,-0.0592847,0.618303,0.35,0,4e+07,0,0,0,0,0,0,0,0,0,0
10:21:30.0,0,0,0,0,0,0,0,0,0,0,0,0,0,0,0.0427097,-0.0350007,0.618282,0.35,0,4e+07,0,0,0,0,0,0,0,0,0,0
10:22:00.0,0,0,0,0,0,0,0,0,0,0,0,0,0,0,0.0421569,-0.0322463,0.618269,0.35,0,4e+07,0,0,0,0,0,0,0,0,0,0
10:22:30.0,0,0,0,0,0,0,0,0,0,0,0,0,0,0,0.0415595,-0.0284559,0.618254,0.35,0,4e+07,0,0,0,0,0,0,0,0,0,0
10:23:00.0,0,0,0,0,0,0,0,0,0,0,0,0,0,0,0.0410542,-0.0381124,0.618243,0.35,0,4e+07,0,0,0,0,0,0,0,0,0,0
10:23:30.0,0,0,0,0,0,0,0,0,0,0,0,0,0,0,0.0403716,-0.0660978,0.618222,0.35,0,4e+07,0,0,0,0,0,0,0,0,0,0
10:24:00.0,0,0,0,0,0,0,0,0,0,0,0,0,0,0,0.0396102,-0.0630986,0.618197,0.35,0,4e+07,0,0,0,0,0,0,0,0,0,0
10:24:30.0,0,0,0,0,0,0,0,0,0,0,0,0,0,0,0.0387854,-0.0842362,0.618167,0.35,0,4e+07,0,0,0,0,0,0,0,0,0,0
10:25:00.0,0,0,0,0,0,0,0,0,0,0,0,0,0,0,0.0378156,-0.103819,0.618129,0.35,0,4e+07,0,0,0,0,0,0,0,0,0,0
10:25:30.0,0,0,0,0,0,0,0,0,0,0,0,0,0,0,0.036731,-0.118666,0.618084,0.35,0,4e+07,0,0,0,0,0,0,0,0,0,0
10:26:00.0,0,0,0,0,0,0,0,0,0,0,0,0,0,0,0.0355838,-0.121871,0.618036,0.35,0,4e+07,0,0,0,0,0,0,0,0,0,0
10:26:30.0,0,0,0,0,0,0,0,0,0,0,0,0,0,0,0.0345674,-0.0814572,0.617993,0.35,0,4e+07,0,0,0,0,0,0,0,0,0,0
10:27:00.0,0,0,0,0,0,0,0,0,0,0,0,0,0,0,0.0338093,-0.0625849,0.617965,0.35,0,4e+07,0,0,0,0,0,0,0,0,0,0
10:27:30.0,0,0,0,0,0,0,0,0,0,0,0,0,0,0,0.0331122,-0.0754104,0.61794,0.35,0,4e+07,0,0,0,0,0,0,0,0,0,0
10:28:00.0,0,0,0,0,0,0,0,0,0,0,0,0,0,0,0.0320113,-0.129845,0.617892,0.35,0,4e+07,0,0,0,0,0,0,0,0,0,0
10:28:30.0,0,0,0,0,0,0,0,0,0,0,0,0,0,0,0.0310591,-0.113569,0.617852,0.35,0,4e+07,0,0,0,0,0,0,0,0,0,0
10:29:00.0,0,0,0,0,0,0,0,0,0,0,0,0,0,0,0.0299591,-0.110255,0.617803,0.35,0,4e+07,0,0,0,0,0,0,0,0,0,0
10:29:30.0,0,0,0,0,0,0,0,0,0,0,0,0,0,0,0.0289828,-0.0977271,0.61776,0.35,0,4e+07,0,0,0,0,0,0,0,0,0,0
10:30:00.0,0,0,0,0,0,0,0,0,0,0,0,0,0,0,0.0283903,-0.0282997,0.617739,0.35,0,4e+07,0,0,0,0,0,0,0,0,0,0
10:30:30.0,0,0,0,0,0,0,0,0,0,0,0,0,0,0,0.0279879,-0.0256812,0.617727,0.35,0,4e+07,0,0,0,0,0,0,0,0,0,0
10:31:00.0,0,0,0,0,0,0,0,0,0,0,0,0,0,0,0.0275351,-0.0740906,0.617712,0.35,0,4e+07,0,0,0,0,0,0,0,0,0,0
10:31:30.0,0,0,0,0,0,0,0,0,0,0,0,0,0,0,0.0268719,-0.0791528,0.617686,0.35,0,4e+07,0,0,0,0,0,0,0,0,0,0
10:32:00.0,0,0,0,0,0,0,0,0,0,0,0,0,0,0,0.0261629,-0.0809534,0.617657,0.35,0,4e+07,0,0,0,0,0,0,0,0,0,0
10:32:30.0,0,0,0,0,0,0,0,0,0,0,0,0,0,0,0.0255642,-0.0505903,0.617633,0.35,0,4e+07,0,0,0,0,0,0,0,0,0,0
10:33:00.0,0,0,0,0,0,0,0,0,0,0,0,0,0,0,0.0250753,-0.0566095,0.617616,0.35,0,4e+07,0,0,0,0,0,0,0,0,0,0
10:33:30.0,0,0,0,0,0,0,0,0,0,0,0,0,0,0,0.0245564,-0.0571879,0.617596,0.35,0,4e+07,0,0,0,0,0,0,0,0,0,0
10:34:00.0,0,0,0,0,0,0,0,0,0,0,0,0,0,0,0.0241245,-0.0259394,0.617581,0.35,0,4e+07,0,0,0,0,0,0,0,0,0,0
10:34:30.0,0,0,0,0,0,0,0,0,0,0,0,0,0,0,0.0240088,0.0163758,0.617583,0.35,0,4e+07,0,0,0,0,0,0,0,0,0,0
10:35:00.0,0,0,0,0,0,0,0,0,0,0,0,0,0,0,0.0239569,0.012271,0.617589,0.35,0,4e+07,0,0,0,0,0,0,0,0,0,0
10:35:30.0,0,0,0,0,0,0,0,0,0,0,0,0,0,0,0.0240999,0.0655512,0.617605,0.35,0,4e+07,0,0,0,0,0,0,0,0,0,0
10:36:00.0,0,0,0,0,0,0,0,0,0,0,0,0,0,0,0.0243638,0.0463038,0.617627,0.35,0,4e+07,0,0,0,0,0,0,0,0,0,0
10:36:30.0,0,0,0,0,0,0,0,0,0,0,0,0,0,0,0.0245725,0.0645668,0.617647,0.35,0,4e+07,0,0,0,0,0,0,0,0,0,0
10:37:00.0,0,0,0,0,0,0,0,0,0,0,0,0,0,0,0.0246935,0.0223476,0.617662,0.35,0,4e+07,0,0,0,0,0,0,0,0,0,0
10:37:30.0,0,0,0,0,0,0,0,0,0,0,0,0,0,0,0.0246637,-0.00272074,0.617669,0.35,0,4e+07,0,0,0,0,0,0,0,0,0,0
10:38:00.0,0,0,0,0,0,0,0,0,0,0,0,0,0,0,0.0243878,-0.0155097,0.617662,0.35,0,4e+07,0,0,0,0,0,0,0,0,0,0
10:38:30.0,0,0,0,0,0,0,0,0,0,0,0,0,0,0,0.0241656,-0.0179004,0.617658,0.35,0,4e+07,0,0,0,0,0,0,0,0,0,0
10:39:00.0,0,0,0,0,0,0,0,0,0,0,0,0,0,0,0.023845,-0.0562229,0.617648,0.35,0,4e+07,0,0,0,0,0,0,0,0,0,0
10:39:30.0,0,0,0,0,0,0,0,0,0,0,0,0,0,0,0.0235892,0.0210904,0.617642,0.35,0,4e+07,0,0,0,0,0,0,0,0,0,0
10:40:00.0,0,0,0,0,0,0,0,0,0,0,0,0,0,0,0.0234634,0.0155359,0.617643,0.35,0,4e+07,0,0,0,0,0,0,0,0,0,0
10:40:30.0,0,0,0,0,0,0,0,0,0,0,0,0,0,0,0.0235186,0.0575809,0.617653,0.35,0,4e+07,0,0,0,0,0,0,0,0,0,0
10:41:00.0,0,0,0,0,0,0,0,0,0,0,0,0,0,0,0.0238187,0.0848239,0.617678,0.35,0,4e+07,0,0,0,0,0,0,0,0,0,0
10:41:30.0,0,0,0,0,0,0,0,0,0,0,0,0,0,0,0.0240163,0.0513546,0.617696,0.35,0,4e+07,0,0,0,0,0,0,0,0,0,0
10:42:00.0,0,0,0,0,0,0,0,0,0,0,0,0,0,0,0.0241643,0.0653669,0.617712,0.35,0,4e+07,0,0,0,0,0,0,0,0,0,0
10:42:30.0,0,0,0,0,0,0,0,0,0,0,0,0,0,0,0.0243653,0.0612883,0.617731,0.35,0,4e+07,0,0,0,0,0,0,0,0,0,0
10:43:00.0,0,0,0,0,0,0,0,0,0,0,0,0,0,0,0.0245164,0.0548746,0.617747,0.35,0,4e+07,0,0,0,0,0,0,0,0,0,0
10:43:30.0,0,0,0,0,0,0,0,0,0,0,0,0,0,0,0.0248985,0.0922848,0.617775,0.35,0,4e+07,0,0,0,0,0,0,0,0,0,0
10:44:00.0,0,0,0,0,0,0,0,0,0,0,0,0,0,0,0.0251181,0.0505002,0.617795,0.35,0,4e+07,0,0,0,0,0,0,0,0,0,0
10:44:30.0,0,0,0,0,0,0,0,0,0,0,0,0,0,0,0.0253392,0.0828864,0.617815,0.35,0,4e+07,0,0,0,0,0,0,0,0,0,0
10:45:00.0,0,0,0,0,0,0,0,0,0,0,0,0,0,0,0.0256435,0.0734543,0.61784,0.35,0,4e+07,0,0,0,0,0,0,0,0,0,0
10:45:30.0,0,0,0,0,0,0,0,0,0,0,0,0,0,0,0.0260585,0.112545,0.617871,0.35,0,4e+07,0,0,0,0,0,0,0,0,0,0
10:46:00.0,0,0,0,0,0,0,0,0,0,0,0,0,0,0,0.0265715,0.140149,0.617907,0.35,0,4e+07,0,0,0,0,0,0,0,0,0,0
10:46:30.0,0,0,0,0,0,0,0,0,0,0,0,0,0,0,0.0272866,0.159471,0.617955,0.35,0,4e+07,0,0,0,0,0,0,0,0,0,0
10:47:00.0,0,0,0,0,0,0,0,0,0,0,0,0,0,0,0.027941,0.133973,0.617999,0.35,0,4e+07,0,0,0,0,0,0,0,0,0,0
10:47:30.0,0,0,0,0,0,0,0,0,0,0,0,0,0,0,0.0286076,0.18813,0.618044,0.35,0,4e+07,0,0,0,0,0,0,0,0,0,0
10:48:00.0,0,0,0,0,0,0,0,0,0,0,0,0,0,0,0.0293363,0.181289,0.618093,0.35,0,4e+07,0,0,0,0,0,0,0,0,0,0
10:48:30.0,0,0,0,0,0,0,0,0,0,0,0,0,0,0,0.0302528,0.219897,0.618153,0.35,0,4e+07,0,0,0,0,0,0,0,0,0,0
10:49:00.0,0,0,0,0,0,0,0,0,0,0,0,0,0,0,0.031209,0.178512,0.618215,0.35,0,4e+07,0,0,0,0,0,0,0,0,0,0
10:49:30.0,0,0,0,0,0,0,0,0,0,0,0,0,0,0,0.0321615,0.192815,0.618277,0.35,0,4e+07,0,0,0,0,0,0,0,0,0,0
10:50:00.0,0,0,0,0,0,0,0,0,0,0,0,0,0,0,0.0332422,0.188079,0.618346,0.35,0,4e+07,0,0,0,0,0,0,0,0,0,0
10:50:30.0,0,0,0,0,0,0,0,0,0,0,0,0,0,0,0.0338496,0.11934,0.618389,0.35,0,4e+07,0,0,0,0,0,0,0,0,0,0
10:51:00.0,0,0,0,0,0,0,0,0,0,0,0,0,0,0,0.0344251,0.156286,0.618431,0.35,0,4e+07,0,0,0,0,0,0,0,0,0,0
10:51:30.0,0,0,0,0,0,0,0,0,0,0,0,0,0,0,0.0351132,0.132906,0.618479,0.35,0,4e+07,0,0,0,0,0,0,0,0,0,0
10:52:00.0,0,0,0,0,0,0,0,0,0,0,0,0,0,0,0.0356769,0.120898,0.618521,0.35,0,4e+07,0,0,0,0,0,0,0,0,0,0
10:52:30.0,0,0,0,0,0,0,0,0,0,0,0,0,0,0,0.0360524,0.10029,0.618552,0.35,0,4e+07,0,0,0,0,0,0,0,0,0,0
10:53:00.0,0,0,0,0,0,0,0,0,0,0,0,0,0,0,0.0361275,0.045987,0.618566,0.35,0,4e+07,0,0,0,0,0,0,0,0,0,0
10:53:30.0,0,0,0,0,0,0,0,0,0,0,0,0,0,0,0.0360469,0.0335459,0.618572,0.35,0,4e+07,0,0,0,0,0,0,0,0,0,0
10:54:00.0,0,0,0,0,0,0,0,0,0,0,0,0,0,0,0.0360433,0.0227633,0.618582,0.35,0,4e+07,0,0,0,0,0,0,0,0,0,0
10:54:30.0,0,0,0,0,0,0,0,0,0,0,0,0,0,0,0.0360181,0.0483689,0.618591,0.35,0,4e+07,0,0,0,0,0,0,0,0,0,0
10:55:00.0,0,0,0,0,0,0,0,0,0,0,0,0,0,0,0.0361375,0.0591901,0.618608,0.35,0,4e+07,0,0,0,0,0,0,0,0,0,0
10:55:30.0,0,0,0,0,0,0,0,0,0,0,0,0,0,0,0.0361455,0.00479377,0.618619,0.35,0,4e+07,0,0,0,0,0,0,0,0,0,0
10:56:00.0,0,0,0,0,0,0,0,0,0,0,0,0,0,0,0.0361717,0.0430563,0.61863,0.35,0,4e+07,0,0,0,0,0,0,0,0,0,0
10:56:30.0,0,0,0,0,0,0,0,0,0,0,0,0,0,0,0.0362865,0.0474317,0.618647,0.35,0,4e+07,0,0,0,0,0,0,0,0,0,0
10:57:00.0,0,0,0,0,0,0,0,0,0,0,0,0,0,0,0.0362661,0.0261018,0.618656,0.35,0,4e+07,0,0,0,0,0,0,0,0,0,0
10:57:30.0,0,0,0,0,0,0,0,0,0,0,0,0,0,0,0.0362354,0.0455404,0.618664,0.35,0,4e+07,0,0,0,0,0,0,0,0,0,0
10:58:00.0,0,0,0,0,0,0,0,0,0,0,0,0,0,0,0.0363125,0.0546446,0.618678,0.35,0,4e+07,0,0,0,0,0,0,0,0,0,0
10:58:30.0,0,0,0,0,0,0,0,0,0,0,0,0,0,0,0.0364151,0.0475898,0.618694,0.35,0,4e+07,0,0,0,0,0,0,0,0,0,0
10:59:00.0,0,0,0,0,0,0,0,0,0,0,0,0,0,0,0.0364924,0.0549297,0.618708,0.35,0,4e+07,0,0,0,0,0,0,0,0,0,0
10:59:30.0,0,0,0,0,0,0,0,0,0,0,0,0,0,0,0.0363556,-0.0172911,0.61871,0.35,0,4e+07,0,0,0,0,0,0,0,0,0,0
11:00:00.0,0,0,0,0,0,0,0,0,0,0,0,0,0,0,0.0362602,0.03096,0.618714,0.35,0,4e+07,0,0,0,0,0,0,0,0,0,0
11:00:30.0,0,0,0,0,0,0,0,0,0,0,0,0,0,0,0.0362244,-0.00897095,0.618722,0.35,0,4e+07,0,0,0,0,0,0,0,0,0,0
11:01:00.0,0,0,0,0,0,0,0,0,0,0,0,0,0,0,0.036079,-0.00911511,0.618724,0.35,0,4e+07,0,0,0,0,0,0,0,0,0,0
11:01:30.0,0,0,0,0,0,0,0,0,0,0,0,0,0,0,0.0358915,-0.0116094,0.618723,0.35,0,4e+07,0,0,0,0,0,0,0,0,0,0
11:02:00.0,0,0,0,0,0,0,0,0,0,0,0,0,0,0,0.0357614,-0.000380479,0.618725,0.35,0,4e+07,0,0,0,0,0,0,0,0,0,0
11:02:30.0,0,0,0,0,0,0,0,0,0,0,0,0,0,0,0.0355194,-0.0150785,0.618721,0.35,0,4e+07,0,0,0,0,0,0,0,0,0,0
11:03:00.0,0,0,0,0,0,0,0,0,0,0,0,0,0,0,0.035216,-0.0401796,0.618713,0.35,0,4e+07,0,0,0,0,0,0,0,0,0,0
11:03:30.0,0,0,0,0,0,0,0,0,0,0,0,0,0,0,0.0349606,-0.0224463,0.618708,0.35,0,4e+07,0,0,0,0,0,0,0,0,0,0
11:04:00.0,0,0,0,0,0,0,0,0,0,0,0,0,0,0,0.0345816,-0.0529338,0.618696,0.35,0,4e+07,0,0,0,0,0,0,0,0,0,0
11:04:30.0,0,0,0,0,0,0,0,0,0,0,0,0,0,0,0.0343221,-0.020912,0.61869,0.35,0,4e+07,0,0,0,0,0,0,0,0,0,0
11:05:00.0,0,0,0,0,0,0,0,0,0,0,0,0,0,0,0.0340331,-0.0442389,0.618683,0.35,0,4e+07,0,0,0,0,0,0,0,0,0,0
11:05:30.0,0,0,0,0,0,0,0,0,0,0,0,0,0,0,0.033766,-0.0507999,0.618677,0.35,0,4e+07,0,0,0,0,0,0,0,0,0,0
11:06:00.0,0,0,0,0,0,0,0,0,0,0,0,0,0,0,0.033338,-0.0424039,0.618661,0.35,0,4e+07,0,0,0,0,0,0,0,0,0,0
11:06:30.0,0,0,0,0,0,0,0,0,0,0,0,0,0,0,0.0330498,-0.0322735,0.618654,0.35,0,4e+07,0,0,0,0,0,0,0,0,0,0
11:07:00.0,0,0,0,0,0,0,0,0,0,0,0,0,0,0,0.0328105,-0.0160792,0.618649,0.35,0,4e+07,0,0,0,0,0,0,0,0,0,0
11:07:30.0,0,0,0,0,0,0,0,0,0,0,0,0,0,0,0.0325717,-0.0186931,0.618644,0.35,0,4e+07,0,0,0,0,0,0,0,0,0,0
11:08:00.0,0,0,0,0,0,0,0,0,0,0,0,0,0,0,0.0322883,-0.0406934,0.618636,0.35,0,4e+07,0,0,0,0,0,0,0,0,0,0
11:08:30.0,0,0,0,0,0,0,0,0,0,0,0,0,0,0,0.0319995,-0.0306256,0.618628,0.35,0,4e+07,0,0,0,0,0,0,0,0,0,0
11:09:00.0,0,0,0,0,0,0,0,0,0,0,0,0,0,0,0.0317526,-0.0219828,0.618622,0.35,0,4e+07,0,0,0,0,0,0,0,0,0,0
11:09:30.0,0,0,0,0,0,0,0,0,0,0,0,0,0,0,0.0315704,-0.013299,0.61862,0.35,0,4e+07,0,0,0,0,0,0,0,0,0,0
11:10:00.0,0,0,0,0,0,0,0,0,0,0,0,0,0,0,0.0314014,0.01835,0.618618,0.35,0,4e+07,0,0,0,0,0,0,0,0,0,0
11:10:30.0,0,0,0,0,0,0,0,0,0,0,0,0,0,0,0.0313041,-0.00349987,0.61862,0.35,0,4e+07,0,0,0,0,0,0,0,0,0,0
11:11:00.0,0,0,0,0,0,0,0,0,0,0,0,0,0,0,0.0311628,0.000741858,0.61862,0.35,0,4e+07,0,0,0,0,0,0,0,0,0,0
11:11:30.0,0,0,0,0,0,0,0,0,0,0,0,0,0,0,0.0310592,0.0214645,0.618622,0.35,0,4e+07,0,0,0,0,0,0,0,0,0,0
11:12:00.0,0,0,0,0,0,0,0,0,0,0,0,0,0,0,0.0311047,0.0436956,0.618632,0.35,0,4e+07,0,0,0,0,0,0,0,0,0,0
11:12:30.0,0,0,0,0,0,0,0,0,0,0,0,0,0,0,0.0312024,0.0568555,0.618644,0.35,0,4e+07,0,0,0,0,0,0,0,0,0,0
11:13:00.0,0,0,0,0,0,0,0,0,0,0,0,0,0,0,0.0312439,0.0387079,0.618654,0.35,0,4e+07,0,0,0,0,0,0,0,0,0,0
11:13:30.0,0,0,0,0,0,0,0,0,0,0,0,0,0,0,0.0312844,0.0464583,0.618664,0.35,0,4e+07,0,0,0,0,0,0,0,0,0,0
11:14:00.0,0,0,0,0,0,0,0,0,0,0,0,0,0,0,0.0313988,0.0359727,0.618677,0.35,0,4e+07,0,0,0,0,0,0,0,0,0,0
11:14:30.0,0,0,0,0,0,0,0,0,0,0,0,0,0,0,0.0314823,0.0549354,0.618689,0.35,0,4e+07,0,0,0,0,0,0,0,0,0,0
11:15:00.0,0,0,0,0,0,0,0,0,0,0,0,0,0,0,0.0315865,0.0669525,0.618703,0.35,0,4e+07,0,0,0,0,0,0,0,0,0,0
11:15:30.0,0,0,0,0,0,0,0,0,0,0,0,0,0,0,0.0317899,0.0914004,0.618721,0.35,0,4e+07,0,0,0,0,0,0,0,0,0,0
11:16:00.0,0,0,0,0,0,0,0,0,0,0,0,0,0,0,0.0320306,0.110366,0.618742,0.35,0,4e+07,0,0,0,0,0,0,0,0,0,0
11:16:30.0,0,0,0,0,0,0,0,0,0,0,0,0,0,0,0.0322615,0.075088,0.618762,0.35,0,4e+07,0,0,0,0,0,0,0,0,0,0
11:17:00.0,0,0,0,0,0,0,0,0,0,0,0,0,0,0,0.0324832,0.0688823,0.618782,0.35,0,4e+07,0,0,0,0,0,0,0,0,0,0
11:17:30.0,0,0,0,0,0,0,0,0,0,0,0,0,0,0,0.0325872,0.0299733,0.618795,0.35,0,4e+07,0,0,0,0,0,0,0,0,0,0
11:18:00.0,0,0,0,0,0,0,0,0,0,0,0,0,0,0,0.0326047,0.0386494,0.618804,0.35,0,4e+07,0,0,0,0,0,0,0,0,0,0
11:18:30.0,0,0,0,0,0,0,0,0,0,0,0,0,0,0,0.0326602,0.0522925,0.618814,0.35,0,4e+07,0,0,0,0,0,0,0,0,0,0
11:19:00.0,0,0,0,0,0,0,0,0,0,0,0,0,0,0,0.0327482,0.0463999,0.618826,0.35,0,4e+07,0,0,0,0,0,0,0,0,0,0
11:19:30.0,0,0,0,0,0,0,0,0,0,0,0,0,0,0,0.0327471,0.0182014,0.618834,0.35,0,4e+07,0,0,0,0,0,0,0,0,0,0
11:20:00.0,0,0,0,0,0,0,0,0,0,0,0,0,0,0,0.0326168,0.0145685,0.618834,0.35,0,4e+07,0,0,0,0,0,0,0,0,0,0
11:20:30.0,0,0,0,0,0,0,0,0,0,0,0,0,0,0,0.0324885,0.0239033,0.618834,0.35,0,4e+07,0,0,0,0,0,0,0,0,0,0
11:21:00.0,0,0,0,0,0,0,0,0,0,0,0,0,0,0,0.0325049,0.0472981,0.618842,0.35,0,4e+07,0,0,0,0,0,0,0,0,0,0
11:21:30.0,0,0,0,0,0,0,0,0,0,0,0,0,0,0,0.0326668,0.0753958,0.618858,0.35,0,4e+07,0,0,0,0,0,0,0,0,0,0
11:22:00.0,0,0,0,0,0,0,0,0,0,0,0,0,0,0,0.0328258,0.081524,0.618874,0.35,0,4e+07,0,0,0,0,0,0,0,0,0,0
11:22:30.0,0,0,0,0,0,0,0,0,0,0,0,0,0,0,0.0329986,0.0849231,0.618891,0.35,0,4e+07,0,0,0,0,0,0,0,0,0,0
11:23:00.0,0,0,0,0,0,0,0,0,0,0,0,0,0,0,0.0331877,0.0795779,0.618908,0.35,0,4e+07,0,0,0,0,0,0,0,0,0,0
11:23:30.0,0,0,0,0,0,0,0,0,0,0,0,0,0,0,0.033385,0.0889732,0.618927,0.35,0,4e+07,0,0,0,0,0,0,0,0,0,0
11:24:00.0,0,0,0,0,0,0,0,0,0,0,0,0,0,0,0.0335685,0.064202,0.618944,0.35,0,4e+07,0,0,0,0,0,0,0,0,0,0
11:24:30.0,0,0,0,0,0,0,0,0,0,0,0,0,0,0,0.0336562,0.047265,0.618956,0.35,0,4e+07,0,0,0,0,0,0,0,0,0,0
11:25:00.0,0,0,0,0,0,0,0,0,0,0,0,0,0,0,0.0336614,0.0422618,0.618964,0.35,0,4e+07,0,0,0,0,0,0,0,0,0,0
11:25:30.0,0,0,0,0,0,0,0,0,0,0,0,0,0,0,0.0337449,0.0400748,0.618976,0.35,0,4e+07,0,0,0,0,0,0,0,0,0,0
11:26:00.0,0,0,0,0,0,0,0,0,0,0,0,0,0,0,0.0338219,0.0554548,0.618987,0.35,0,4e+07,0,0,0,0,0,0,0,0,0,0
11:26:30.0,0,0,0,0,0,0,0,0,0,0,0,0,0,0,0.0340164,0.0931686,0.619005,0.35,0,4e+07,0,0,0,0,0,0,0,0,0,0
11:27:00.0,0,0,0,0,0,0,0,0,0,0,0,0,0,0,0.0342545,0.0994543,0.619025,0.35,0,4e+07,0,0,0,0,0,0,0,0,0,0
11:27:30.0,0,0,0,0,0,0,0,0,0,0,0,0,0,0,0.0344708,0.0797475,0.619045,0.35,0,4e+07,0,0,0,0,0,0,0,0,0,0
11:28:00.0,0,0,0,0,0,0,0,0,0,0,0,0,0,0,0.0346836,0.100661,0.619064,0.35,0,4e+07,0,0,0,0,0,0,0,0,0,0
11:28:30.0,0,0,0,0,0,0,0,0,0,0,0,0,0,0,0.0349432,0.122162,0.619085,0.35,0,4e+07,0,0,0,0,0,0,0,0,0,0
11:29:00.0,0,0,0,0,0,0,0,0,0,0,0,0,0,0,0.0352156,0.101898,0.619108,0.35,0,4e+07,0,0,0,0,0,0,0,0,0,0
11:29:30.0,0,0,0,0,0,0,0,0,0,0,0,0,0,0,0.0354317,0.0845154,0.619127,0.35,0,4e+07,0,0,0,0,0,0,0,0,0,0
11:30:00.0,0,0,0,0,0,0,0,0,0,0,0,0,0,0,0.035609,0.0790855,0.619144,0.35,0,4e+07,0,0,0,0,0,0,0,0,0,0
11:30:30.0,0,0,0,0,0,0,0,0,0,0,0,0,0,0,0.0358463,0.107111,0.619165,0.35,0,4e+07,0,0,0,0,0,0,0,0,0,0
11:31:00.0,0,0,0,0,0,0,0,0,0,0,0,0,0,0,0.0361366,0.11532,0.619188,0.35,0,4e+07,0,0,0,0,0,0,0,0,0,0
11:31:30.0,0,0,0,0,0,0,0,0,0,0,0,0,0,0,0.036401,0.108112,0.61921,0.35,0,4e+07,0,0,0,0,0,0,0,0,0,0
11:32:00.0,0,0,0,0,0,0,0,0,0,0,0,0,0,0,0.0366918,0.110139,0.619234,0.35,0,4e+07,0,0,0,0,0,0,0,0,0,0
11:32:30.0,0,0,0,0,0,0,0,0,0,0,0,0,0,0,0.0370067,0.116795,0.619259,0.35,0,4e+07,0,0,0,0,0,0,0,0,0,0
11:33:00.0,0,0,0,0,0,0,0,0,0,0,0,0,0,0,0.0372522,0.0991376,0.61928,0.35,0,4e+07,0,0,0,0,0,0,0,0,0,0
11:33:30.0,0,0,0,0,0,0,0,0,0,0,0,0,0,0,0.0374108,0.0626977,0.619297,0.35,0,4e+07,0,0,0,0,0,0,0,0,0,0
11:34:00.0,0,0,0,0,0,0,0,0,0,0,0,0,0,0,0.0374571,0.0584079,0.619307,0.35,0,4e+07,0,0,0,0,0,0,0,0,0,0
11:34:30.0,0,0,0,0,0,0,0,0,0,0,0,0,0,0,0.0375132,0.047253,0.619317,0.35,0,4e+07,0,0,0,0,0,0,0,0,0,0
11:35:00.0,0,0,0,0,0,0,0,0,0,0,0,0,0,0,0.0376183,0.0710508,0.619331,0.35,0,4e+07,0,0,0,0,0,0,0,0,0,0
11:35:30.0,0,0,0,0,0,0,0,0,0,0,0,0,0,0,0.0376652,0.041635,0.619341,0.35,0,4e+07,0,0,0,0,0,0,0,0,0,0
11:36:00.0,0,0,0,0,0,0,0,0,0,0,0,0,0,0,0.0377002,0.0555113,0.61935,0.35,0,4e+07,0,0,0,0,0,0,0,0,0,0
11:36:30.0,0,0,0,0,0,0,0,0,0,0,0,0,0,0,0.0377437,0.0492373,0.61936,0.35,0,4e+07,0,0,0,0,0,0,0,0,0,0
11:37:00.0,0,0,0,0,0,0,0,0,0,0,0,0,0,0,0.0376562,-0.0103988,0.619363,0.35,0,4e+07,0,0,0,0,0,0,0,0,0,0
11:37:30.0,0,0,0,0,0,0,0,0,0,0,0,0,0,0,0.0375492,0.0401236,0.619364,0.35,0,4e+07,0,0,0,0,0,0,0,0,0,0
11:38:00.0,0,0,0,0,0,0,0,0,0,0,0,0,0,0,0.0375295,0.0183232,0.61937,0.35,0,4e+07,0,0,0,0,0,0,0,0,0,0
11:38:30.0,0,0,0,0,0,0,0,0,0,0,0,0,0,0,0.037468,0.035102,0.619374,0.35,0,4e+07,0,0,0,0,0,0,0,0,0,0
11:39:00.0,0,0,0,0,0,0,0,0,0,0,0,0,0,0,0.0375212,0.0570905,0.619385,0.35,0,4e+07,0,0,0,0,0,0,0,0,0,0
11:39:30.0,0,0,0,0,0,0,0,0,0,0,0,0,0,0,0.0375942,0.0536864,0.619396,0.35,0,4e+07,0,0,0,0,0,0,0,0,0,0
11:40:00.0,0,0,0,0,0,0,0,0,0,0,0,0,0,0,0.0376829,0.10396,0.619408,0.35,0,4e+07,0,0,0,0,0,0,0,0,0,0
11:40:30.0,0,0,0,0,0,0,0,0,0,0,0,0,0,0,0.03794,0.100955,0.61943,0.35,0,4e+07,0,0,0,0,0,0,0,0,0,0
11:41:00.0,0,0,0,0,0,0,0,0,0,0,0,0,0,0,0.0381274,0.0875788,0.619447,0.35,0,4e+07,0,0,0,0,0,0,0,0,0,0
11:41:30.0,0,0,0,0,0,0,0,0,0,0,0,0,0,0,0.038253,0.0784134,0.619462,0.35,0,4e+07,0,0,0,0,0,0,0,0,0,0
11:42:00.0,0,0,0,0,0,0,0,0,0,0,0,0,0,0,0.0384845,0.114183,0.619482,0.35,0,4e+07,0,0,0,0,0,0,0,0,0,0
11:42:30.0,0,0,0,0,0,0,0,0,0,0,0,0,0,0,0.0387288,0.0929016,0.619503,0.35,0,4e+07,0,0,0,0,0,0,0,0,0,0
11:43:00.0,0,0,0,0,0,0,0,0,0,0,0,0,0,0,0.0389383,0.105576,0.619522,0.35,0,4e+07,0,0,0,0,0,0,0,0,0,0
11:43:30.0,0,0,0,0,0,0,0,0,0,0,0,0,0,0,0.0391573,0.0922078,0.619541,0.35,0,4e+07,0,0,0,0,0,0,0,0,0,0
11:44:00.0,0,0,0,0,0,0,0,0,0,0,0,0,0,0,0.0391855,0.045996,0.61955,0.35,0,4e+07,0,0,0,0,0,0,0,0,0,0
11:44:30.0,0,0,0,0,0,0,0,0,0,0,0,0,0,0,0.0391076,-0.0054994,0.619553,0.35,0,4e+07,0,0,0,0,0,0,0,0,0,0
11:45:00.0,0,0,0,0,0,0,0,0,0,0,0,0,0,0,0.0390621,0.000347172,0.619558,0.35,0,4e+07,0,0,0,0,0,0,0,0,0,0
11:45:30.0,0,0,0,0,0,0,0,0,0,0,0,0,0,0,0.0388841,-0.0378012,0.619555,0.35,0,4e+07,0,0,0,0,0,0,0,0,0,0
11:46:00.0,0,0,0,0,0,0,0,0,0,0,0,0,0,0,0.0386526,-0.0449553,0.61955,0.35,0,4e+07,0,0,0,0,0,0,0,0,0,0
11:46:30.0,0,0,0,0,0,0,0,0,0,0,0,0,0,0,0.0384527,-0.0255578,0.619546,0.35,0,4e+07,0,0,0,0,0,0,0,0,0,0
11:47:00.0,0,0,0,0,0,0,0,0,0,0,0,0,0,0,0.0383058,0.0115139,0.619545,0.35,0,4e+07,0,0,0,0,0,0,0,0,0,0
11:47:30.0,0,0,0,0,0,0,0,0,0,0,0,0,0,0,0.0382583,0.0236923,0.619549,0.35,0,4e+07,0,0,0,0,0,0,0,0,0,0
11:48:00.0,0,0,0,0,0,0,0,0,0,0,0,0,0,0,0.038226,0.0289939,0.619554,0.35,0,4e+07,0,0,0,0,0,0,0,0,0,0
11:48:30.0,0,0,0,0,0,0,0,0,0,0,0,0,0,0,0.0382083,0.0218088,0.61956,0.35,0,4e+07,0,0,0,0,0,0,0,0,0,0
11:49:00.0,0,0,0,0,0,0,0,0,0,0,0,0,0,0,0.0381319,0.0396514,0.619563,0.35,0,4e+07,0,0,0,0,0,0,0,0,0,0
11:49:30.0,0,0,0,0,0,0,0,0,0,0,0,0,0,0,0.0381497,0.0468398,0.619571,0.35,0,4e+07,0,0,0,0,0,0,0,0,0,0
11:50:00.0,0,0,0,0,0,0,0,0,0,0,0,0,0,0,0.0381327,0.0212698,0.619577,0.35,0,4e+07,0,0,0,0,0,0,0,0,0,0
11:50:30.0,0,0,0,0,0,0,0,0,0,0,0,0,0,0,0.0380836,0.0387306,0.619581,0.35,0,4e+07,0,0,0,0,0,0,0,0,0,0
11:51:00.0,0,0,0,0,0,0,0,0,0,0,0,0,0,0,0.0380542,0.00877539,0.619586,0.35,0,4e+07,0,0,0,0,0,0,0,0,0,0
11:51:30.0,0,0,0,0,0,0,0,0,0,0,0,0,0,0,0.0379181,-0.0199319,0.619586,0.35,0,4e+07,0,0,0,0,0,0,0,0,0,0
11:52:00.0,0,0,0,0,0,0,0,0,0,0,0,0,0,0,0.03764,-0.0465291,0.619577,0.35,0,4e+07,0,0,0,0,0,0,0,0,0,0
11:52:30.0,0,0,0,0,0,0,0,0,0,0,0,0,0,0,0.0374185,-0.0342858,0.619571,0.35,0,4e+07,0,0,0,0,0,0,0,0,0,0
11:53:00.0,0,0,0,0,0,0,0,0,0,0,0,0,0,0,0.0371986,-0.0384011,0.619565,0.35,0,4e+07,0,0,0,0,0,0,0,0,0,0
11:53:30.0,0,0,0,0,0,0,0,0,0,0,0,0,0,0,0.0369721,-0.0340676,0.619559,0.35,0,4e+07,0,0,0,0,0,0,0,0,0,0
11:54:00.0,0,0,0,0,0,0,0,0,0,0,0,0,0,0,0.03677,-0.0239605,0.619554,0.35,0,4e+07,0,0,0,0,0,0,0,0,0,0
11:54:30.0,0,0,0,0,0,0,0,0,0,0,0,0,0,0,0.0365382,-0.0470842,0.619548,0.35,0,4e+07,0,0,0,0,0,0,0,0,0,0
11:55:00.0,0,0,0,0,0,0,0,0,0,0,0,0,0,0,0.0362768,-0.0489066,0.61954,0.35,0,4e+07,0,0,0,0,0,0,0,0,0,0
11:55:30.0,0,0,0,0,0,0,0,0,0,0,0,0,0,0,0.0359973,-0.0578071,0.61953,0.35,0,4e+07,0,0,0,0,0,0,0,0,0,0
11:56:00.0,0,0,0,0,0,0,0,0,0,0,0,0,0,0,0.0357703,-0.00154462,0.619524,0.35,0,4e+07,0,0,0,0,0,0,0,0,0,0
11:56:30.0,0,0,0,0,0,0,0,0,0,0,0,0,0,0,0.0356305,-0.0224484,0.619522,0.35,0,4e+07,0,0,0,0,0,0,0,0,0,0
11:57:00.0,0,0,0,0,0,0,0,0,0,0,0,0,0,0,0.0354917,0.00864321,0.619521,0.35,0,4e+07,0,0,0,0,0,0,0,0,0,0
11:57:30.0,0,0,0,0,0,0,0,0,0,0,0,0,0,0,0.0354017,-0.0125842,0.619522,0.35,0,4e+07,0,0,0,0,0,0,0,0,0,0
11:58:00.0,0,0,0,0,0,0,0,0,0,0,0,0,0,0,0.0352504,-0.00926574,0.619519,0.35,0,4e+07,0,0,0,0,0,0,0,0,0,0
11:58:30.0,0,0,0,0,0,0,0,0,0,0,0,0,0,0,0.035113,-0.00822071,0.619518,0.35,0,4e+07,0,0,0,0,0,0,0,0,0,0
11:59:00.0,0,0,0,0,0,0,0,0,0,0,0,0,0,0,0.0349504,-0.0319091,0.619515,0.35,0,4e+07,0,0,0,0,0,0,0,0,0,0
11:59:30.0,0,0,0,0,0,0,0,0,0,0,0,0,0,0,0.0346311,-0.0623589,0.619503,0.35,0,4e+07,0,0,0,0,0,0,0,0,0,0
12:00:00.0,0,0,0,0,0,0,0,0,0,0,0,0,0,0,0.0343169,-0.0467887,0.619491,0.35,0,4e+07,0,0,0,0,0,0,0,0,0,0
12:00:30.0,0,0,0,0,0,0,0,0,0,0,0,0,0,0,0.0340812,-0.0241561,0.619484,0.35,0,4e+07,0,0,0,0,0,0,0,0,0,0
12:01:00.0,0,0,0,0,0,0,0,0,0,0,0,0,0,0,0.0339185,-0.0256862,0.61948,0.35,0,4e+07,0,0,0,0,0,0,0,0,0,0
12:01:30.0,0,0,0,0,0,0,0,0,0,0,0,0,0,0,0.0337046,-0.0446517,0.619474,0.35,0,4e+07,0,0,0,0,0,0,0,0,0,0
12:02:00.0,0,0,0,0,0,0,0,0,0,0,0,0,0,0,0.0334697,-0.0505419,0.619466,0.35,0,4e+07,0,0,0,0,0,0,0,0,0,0
12:02:30.0,0,0,0,0,0,0,0,0,0,0,0,0,0,0,0.0332152,-0.043168,0.619458,0.35,0,4e+07,0,0,0,0,0,0,0,0,0,0
12:03:00.0,0,0,0,0,0,0,0,0,0,0,0,0,0,0,0.0330195,-0.0365606,0.619452,0.35,0,4e+07,0,0,0,0,0,0,0,0,0,0
12:03:30.0,0,0,0,0,0,0,0,0,0,0,0,0,0,0,0.0328393,-0.0340879,0.619448,0.35,0,4e+07,0,0,0,0,0,0,0,0,0,0
12:04:00.0,0,0,0,0,0,0,0,0,0,0,0,0,0,0,0.032645,-0.0365575,0.619442,0.35,0,4e+07,0,0,0,0,0,0,0,0,0,0
12:04:30.0,0,0,0,0,0,0,0,0,0,0,0,0,0,0,0.032447,-0.0416897,0.619437,0.35,0,4e+07,0,0,0,0,0,0,0,0,0,0
12:05:00.0,0,0,0,0,0,0,0,0,0,0,0,0,0,0,0.0322284,-0.0795301,0.61943,0.35,0,4e+07,0,0,0,0,0,0,0,0,0,0
12:05:30.0,0,0,0,0,0,0,0,0,0,0,0,0,0,0,0.0319758,-0.0140605,0.619421,0.35,0,4e+07,0,0,0,0,0,0,0,0,0,0
12:06:00.0,0,0,0,0,0,0,0,0,0,0,0,0,0,0,0.0318747,0.00899617,0.61942,0.35,0,4e+07,0,0,0,0,0,0,0,0,0,0
12:06:30.0,0,0,0,0,0,0,0,0,0,0,0,0,0,0,0.0317978,0.00270317,0.619421,0.35,0,4e+07,0,0,0,0,0,0,0,0,0,0
12:07:00.0,0,0,0,0,0,0,0,0,0,0,0,0,0,0,0.0316787,-0.0192299,0.61942,0.35,0,4e+07,0,0,0,0,0,0,0,0,0,0
12:07:30.0,0,0,0,0,0,0,0,0,0,0,0,0,0,0,0.0314814,-0.0505235,0.619414,0.35,0,4e+07,0,0,0,0,0,0,0,0,0,0
12:08:00.0,0,0,0,0,0,0,0,0,0,0,0,0,0,0,0.0313301,0.00363261,0.61941,0.35,0,4e+07,0,0,0,0,0,0,0,0,0,0
12:08:30.0,0,0,0,0,0,0,0,0,0,0,0,0,0,0,0.0312671,0.028107,0.619412,0.35,0,4e+07,0,0,0,0,0,0,0,0,0,0
12:09:00.0,0,0,0,0,0,0,0,0,0,0,0,0,0,0,0.0311927,0.00577189,0.619413,0.35,0,4e+07,0,0,0,0,0,0,0,0,0,0
12:09:30.0,0,0,0,0,0,0,0,0,0,0,0,0,0,0,0.0311331,0.00497997,0.619415,0.35,0,4e+07,0,0,0,0,0,0,0,0,0,0
12:10:00.0,0,0,0,0,0,0,0,0,0,0,0,0,0,0,0.031084,0.0338512,0.619417,0.35,0,4e+07,0,0,0,0,0,0,0,0,0,0
12:10:30.0,0,0,0,0,0,0,0,0,0,0,0,0,0,0,0.0309928,-0.00865198,0.619417,0.35,0,4e+07,0,0,0,0,0,0,0,0,0,0
12:11:00.0,0,0,0,0,0,0,0,0,0,0,0,0,0,0,0.0308511,-0.025107,0.619414,0.35,0,4e+07,0,0,0,0,0,0,0,0,0,0
12:11:30.0,0,0,0,0,0,0,0,0,0,0,0,0,0,0,0.0307289,-0.00061317,0.619412,0.35,0,4e+07,0,0,0,0,0,0,0,0,0,0
12:12:00.0,0,0,0,0,0,0,0,0,0,0,0,0,0,0,0.0306432,0.00279039,0.619412,0.35,0,4e+07,0,0,0,0,0,0,0,0,0,0
12:12:30.0,0,0,0,0,0,0,0,0,0,0,0,0,0,0,0.0305468,0.00149882,0.619411,0.35,0,4e+07,0,0,0,0,0,0,0,0,0,0
12:13:00.0,0,0,0,0,0,0,0,0,0,0,0,0,0,0,0.030422,-0.0331973,0.619409,0.35,0,4e+07,0,0,0,0,0,0,0,0,0,0
12:13:30.0,0,0,0,0,0,0,0,0,0,0,0,0,0,0,0.0302489,-0.0446909,0.619404,0.35,0,4e+07,0,0,0,0,0,0,0,0,0,0
12:14:00.0,0,0,0,0,0,0,0,0,0,0,0,0,0,0,0.0301129,-0.00747799,0.619401,0.35,0,4e+07,0,0,0,0,0,0,0,0,0,0
12:14:30.0,0,0,0,0,0,0,0,0,0,0,0,0,0,0,0.0299554,-0.0332968,0.619397,0.35,0,4e+07,0,0,0,0,0,0,0,0,0,0
12:15:00.0,0,0,0,0,0,0,0,0,0,0,0,0,0,0,0.0298048,-0.0138673,0.619393,0.35,0,4e+07,0,0,0,0,0,0,0,0,0,0
12:15:30.0,0,0,0,0,0,0,0,0,0,0,0,0,0,0,0.0296793,-0.0525245,0.619391,0.35,0,4e+07,0,0,0,0,0,0,0,0,0,0
12:16:00.0,0,0,0,0,0,0,0,0,0,0,0,0,0,0,0.0294761,-0.0432727,0.619384,0.35,0,4e+07,0,0,0,0,0,0,0,0,0,0
12:16:30.0,0,0,0,0,0,0,0,0,0,0,0,0,0,0,0.0292098,-0.0737931,0.619374,0.35,0,4e+07,0,0,0,0,0,0,0,0,0,0
12:17:00.0,0,0,0,0,0,0,0,0,0,0,0,0,0,0,0.0288569,-0.10627,0.619358,0.35,0,4e+07,0,0,0,0,0,0,0,0,0,0
12:17:30.0,0,0,0,0,0,0,0,0,0,0,0,0,0,0,0.0284711,-0.103948,0.619341,0.35,0,4e+07,0,0,0,0,0,0,0,0,0,0
12:18:00.0,0,0,0,0,0,0,0,0,0,0,0,0,0,0,0.0280561,-0.124085,0.619322,0.35,0,4e+07,0,0,0,0,0,0,0,0,0,0
12:18:30.0,0,0,0,0,0,0,0,0,0,0,0,0,0,0,0.0276149,-0.11128,0.619301,0.35,0,4e+07,0,0,0,0,0,0,0,0,0,0
12:19:00.0,0,0,0,0,0,0,0,0,0,0,0,0,0,0,0.027275,-0.100339,0.619286,0.35,0,4e+07,0,0,0,0,0,0,0,0,0,0
12:19:30.0,0,0,0,0,0,0,0,0,0,0,0,0,0,0,0.0269711,-0.0715925,0.619273,0.35,0,4e+07,0,0,0,0,0,0,0,0,0,0
12:20:00.0,0,0,0,0,0,0,0,0,0,0,0,0,0,0,0.0266904,-0.101973,0.619261,0.35,0,4e+07,0,0,0,0,0,0,0,0,0,0
12:20:30.0,0,0,0,0,0,0,0,0,0,0,0,0,0,0,0.0263466,-0.101745,0.619246,0.35,0,4e+07,0,0,0,0,0,0,0,0,0,0
12:21:00.0,0,0,0,0,0,0,0,0,0,0,0,0,0,0,0.0260433,-0.0740586,0.619233,0.35,0,4e+07,0,0,0,0,0,0,0,0,0,0
12:21:30.0,0,0,0,0,0,0,0,0,0,0,0,0,0,0,0.0257892,-0.0735729,0.619222,0.35,0,4e+07,0,0,0,0,0,0,0,0,0,0
12:22:00.0,0,0,0,0,0,0,0,0,0,0,0,0,0,0,0.0255698,-0.0671263,0.619214,0.35,0,4e+07,0,0,0,0,0,0,0,0,0,0
12:22:30.0,0,0,0,0,0,0,0,0,0,0,0,0,0,0,0.0253268,-0.0675377,0.619204,0.35,0,4e+07,0,0,0,0,0,0,0,0,0,0
12:23:00.0,0,0,0,0,0,0,0,0,0,0,0,0,0,0,0.0250323,-0.10672,0.619191,0.35,0,4e+07,0,0,0,0,0,0,0,0,0,0
12:23:30.0,0,0,0,0,0,0,0,0,0,0,0,0,0,0,0.0247298,-0.0661863,0.619178,0.35,0,4e+07,0,0,0,0,0,0,0,0,0,0
12:24:00.0,0,0,0,0,0,0,0,0,0,0,0,0,0,0,0.0245051,-0.0558534,0.619169,0.35,0,4e+07,0,0,0,0,0,0,0,0,0,0
12:24:30.0,0,0,0,0,0,0,0,0,0,0,0,0,0,0,0.0242607,-0.0710497,0.619158,0.35,0,4e+07,0,0,0,0,0,0,0,0,0,0
12:25:00.0,0,0,0,0,0,0,0,0,0,0,0,0,0,0,0.024008,-0.0795136,0.619148,0.35,0,4e+07,0,0,0,0,0,0,0,0,0,0
12:25:30.0,0,0,0,0,0,0,0,0,0,0,0,0,0,0,0.0237398,-0.0935132,0.619136,0.35,0,4e+07,0,0,0,0,0,0,0,0,0,0
12:26:00.0,0,0,0,0,0,0,0,0,0,0,0,0,0,0,0.0234464,-0.0900476,0.619123,0.35,0,4e+07,0,0,0,0,0,0,0,0,0,0
12:26:30.0,0,0,0,0,0,0,0,0,0,0,0,0,0,0,0.0231316,-0.0943769,0.619109,0.35,0,4e+07,0,0,0,0,0,0,0,0,0,0
12:27:00.0,0,0,0,0,0,0,0,0,0,0,0,0,0,0,0.0228496,-0.0844873,0.619096,0.35,0,4e+07,0,0,0,0,0,0,0,0,0,0
12:27:30.0,0,0,0,0,0,0,0,0,0,0,0,0,0,0,0.022586,-0.0555386,0.619084,0.35,0,4e+07,0,0,0,0,0,0,0,0,0,0
12:28:00.0,0,0,0,0,0,0,0,0,0,0,0,0,0,0,0.0223918,-0.056786,0.619077,0.35,0,4e+07,0,0,0,0,0,0,0,0,0,0
12:28:30.0,0,0,0,0,0,0,0,0,0,0,0,0,0,0,0.0222177,-0.028134,0.61907,0.35,0,4e+07,0,0,0,0,0,0,0,0,0,0
12:29:00.0,0,0,0,0,0,0,0,0,0,0,0,0,0,0,0.022052,-0.0286808,0.619064,0.35,0,4e+07,0,0,0,0,0,0,0,0,0,0
12:29:30.0,0,0,0,0,0,0,0,0,0,0,0,0,0,0,0.021932,-0.0112568,0.619061,0.35,0,4e+07,0,0,0,0,0,0,0,0,0,0
12:30:00.0,0,0,0,0,0,0,0,0,0,0,0,0,0,0,0.0218582,-0.0362954,0.61906,0.35,0,4e+07,0,0,0,0,0,0,0,0,0,0
12:30:30.0,0,0,0,0,0,0,0,0,0,0,0,0,0,0,0.0217271,-0.000200663,0.619055,0.35,0,4e+07,0,0,0,0,0,0,0,0,0,0
12:31:00.0,0,0,0,0,0,0,0,0,0,0,0,0,0,0,0.0215906,-0.0539891,0.619051,0.35,0,4e+07,0,0,0,0,0,0,0,0,0,0
12:31:30.0,0,0,0,0,0,0,0,0,0,0,0,0,0,0,0.0213456,-0.101365,0.61904,0.35,0,4e+07,0,0,0,0,0,0,0,0,0,0
12:32:00.0,0,0,0,0,0,0,0,0,0,0,0,0,0,0,0.0210294,-0.108119,0.619025,0.35,0,4e+07,0,0,0,0,0,0,0,0,0,0
12:32:30.0,0,0,0,0,0,0,0,0,0,0,0,0,0,0,0.020678,-0.118527,0.619008,0.35,0,4e+07,0,0,0,0,0,0,0,0,0,0
12:33:00.0,0,0,0,0,0,0,0,0,0,0,0,0,0,0,0.0202361,-0.167608,0.618986,0.35,0,4e+07,0,0,0,0,0,0,0,0,0,0
12:33:30.0,0,0,0,0,0,0,0,0,0,0,0,0,0,0,0.019775,-0.146348,0.618963,0.35,0,4e+07,0,0,0,0,0,0,0,0,0,0
12:34:00.0,0,0,0,0,0,0,0,0,0,0,0,0,0,0,0.0194196,-0.118343,0.618946,0.35,0,4e+07,0,0,0,0,0,0,0,0,0,0
12:34:30.0,0,0,0,0,0,0,0,0,0,0,0,0,0,0,0.0190646,-0.113468,0.618928,0.35,0,4e+07,0,0,0,0,0,0,0,0,0,0
12:35:00.0,0,0,0,0,0,0,0,0,0,0,0,0,0,0,0.0187459,-0.11884,0.618913,0.35,0,4e+07,0,0,0,0,0,0,0,0,0,0
12:35:30.0,0,0,0,0,0,0,0,0,0,0,0,0,0,0,0.0183874,-0.0948313,0.618896,0.35,0,4e+07,0,0,0,0,0,0,0,0,0,0
12:36:00.0,0,0,0,0,0,0,0,0,0,0,0,0,0,0,0.0182053,-0.038712,0.618888,0.35,0,4e+07,0,0,0,0,0,0,0,0,0,0
12:36:30.0,0,0,0,0,0,0,0,0,0,0,0,0,0,0,0.0181041,-0.0186029,0.618885,0.35,0,4e+07,0,0,0,0,0,0,0,0,0,0
12:37:00.0,0,0,0,0,0,0,0,0,0,0,0,0,0,0,0.0179778,-0.0496557,0.61888,0.35,0,4e+07,0,0,0,0,0,0,0,0,0,0
12:37:30.0,0,0,0,0,0,0,0,0,0,0,0,0,0,0,0.0177995,-0.0503766,0.618873,0.35,0,4e+07,0,0,0,0,0,0,0,0,0,0
12:38:00.0,0,0,0,0,0,0,0,0,0,0,0,0,0,0,0.0176205,-0.0617081,0.618865,0.35,0,4e+07,0,0,0,0,0,0,0,0,0,0
12:38:30.0,0,0,0,0,0,0,0,0,0,0,0,0,0,0,0.0174201,-0.0572693,0.618856,0.35,0,4e+07,0,0,0,0,0,0,0,0,0,0
12:39:00.0,0,0,0,0,0,0,0,0,0,0,0,0,0,0,0.0172777,-0.0321147,0.61885,0.35,0,4e+07,0,0,0,0,0,0,0,0,0,0
12:39:30.0,0,0,0,0,0,0,0,0,0,0,0,0,0,0,0.0171394,-0.0598139,0.618845,0.35,0,4e+07,0,0,0,0,0,0,0,0,0,0
12:40:00.0,0,0,0,0,0,0,0,0,0,0,0,0,0,0,0.0170006,-0.0236481,0.61884,0.35,0,4e+07,0,0,0,0,0,0,0,0,0,0
12:40:30.0,0,0,0,0,0,0,0,0,0,0,0,0,0,0,0.0168789,-0.0490841,0.618835,0.35,0,4e+07,0,0,0,0,0,0,0,0,0,0
12:41:00.0,0,0,0,0,0,0,0,0,0,0,0,0,0,0,0.0167222,-0.0522328,0.618828,0.35,0,4e+07,0,0,0,0,0,0,0,0,0,0
12:41:30.0,0,0,0,0,0,0,0,0,0,0,0,0,0,0,0.0165573,-0.0557462,0.618821,0.35,0,4e+07,0,0,0,0,0,0,0,0,0,0
12:42:00.0,0,0,0,0,0,0,0,0,0,0,0,0,0,0,0.0163379,-0.0859647,0.618811,0.35,0,4e+07,0,0,0,0,0,0,0,0,0,0
12:42:30.0,0,0,0,0,0,0,0,0,0,0,0,0,0,0,0.0161138,-0.0888942,0.618801,0.35,0,4e+07,0,0,0,0,0,0,0,0,0,0
12:43:00.0,0,0,0,0,0,0,0,0,0,0,0,0,0,0,0.0158573,-0.119057,0.618789,0.35,0,4e+07,0,0,0,0,0,0,0,0,0,0
12:43:30.0,0,0,0,0,0,0,0,0,0,0,0,0,0,0,0.0154848,-0.145488,0.61877,0.35,0,4e+07,0,0,0,0,0,0,0,0,0,0
12:44:00.0,0,0,0,0,0,0,0,0,0,0,0,0,0,0,0.0150594,-0.169072,0.618748,0.35,0,4e+07,0,0,0,0,0,0,0,0,0,0
12:44:30.0,0,0,0,0,0,0,0,0,0,0,0,0,0,0,0.0146611,-0.122882,0.618727,0.35,0,4e+07,0,0,0,0,0,0,0,0,0,0
12:45:00.0,0,0,0,0,0,0,0,0,0,0,0,0,0,0,0.0142959,-0.13978,0.618709,0.35,0,4e+07,0,0,0,0,0,0,0,0,0,0
12:45:30.0,0,0,0,0,0,0,0,0,0,0,0,0,0,0,0.0138006,-0.212832,0.618683,0.35,0,4e+07,0,0,0,0,0,0,0,0,0,0
12:46:00.0,0,0,0,0,0,0,0,0,0,0,0,0,0,0,0.0133141,-0.172265,0.618657,0.35,0,4e+07,0,0,0,0,0,0,0,0,0,0
12:46:30.0,0,0,0,0,0,0,0,0,0,0,0,0,0,0,0.012834,-0.160197,0.618632,0.35,0,4e+07,0,0,0,0,0,0,0,0,0,0
12:47:00.0,0,0,0,0,0,0,0,0,0,0,0,0,0,0,0.0124384,-0.158999,0.618611,0.35,0,4e+07,0,0,0,0,0,0,0,0,0,0
12:47:30.0,0,0,0,0,0,0,0,0,0,0,0,0,0,0,0.0120073,-0.181528,0.618589,0.35,0,4e+07,0,0,0,0,0,0,0,0,0,0
12:48:00.0,0,0,0,0,0,0,0,0,0,0,0,0,0,0,0.0115775,-0.154675,0.618566,0.35,0,4e+07,0,0,0,0,0,0,0,0,0,0
12:48:30.0,0,0,0,0,0,0,0,0,0,0,0,0,0,0,0.0111856,-0.144797,0.618545,0.35,0,4e+07,0,0,0,0,0,0,0,0,0,0
12:49:00.0,0,0,0,0,0,0,0,0,0,0,0,0,0,0,0.0107723,-0.158209,0.618523,0.35,0,4e+07,0,0,0,0,0,0,0,0,0,0
12:49:30.0,0,0,0,0,0,0,0,0,0,0,0,0,0,0,0.0103723,-0.161795,0.618502,0.35,0,4e+07,0,0,0,0,0,0,0,0,0,0
12:50:00.0,0,0,0,0,0,0,0,0,0,0,0,0,0,0,0.00993568,-0.174891,0.618479,0.35,0,4e+07,0,0,0,0,0,0,0,0,0,0
12:50:30.0,0,0,0,0,0,0,0,0,0,0,0,0,0,0,0.00949259,-0.191447,0.618455,0.35,0,4e+07,0,0,0,0,0,0,0,0,0,0
12:51:00.0,0,0,0,0,0,0,0,0,0,0,0,0,0,0,0.00900363,-0.188064,0.618429,0.35,0,4e+07,0,0,0,0,0,0,0,0,0,0
12:51:30.0,0,0,0,0,0,0,0,0,0,0,0,0,0,0,0.00857048,-0.179049,0.618406,0.35,0,4e+07,0,0,0,0,0,0,0,0,0,0
12:52:00.0,0,0,0,0,0,0,0,0,0,0,0,0,0,0,0.00809858,-0.202337,0.61838,0.35,0,4e+07,0,0,0,0,0,0,0,0,0,0
12:52:30.0,0,0,0,0,0,0,0,0,0,0,0,0,0,0,0.0076142,-0.203159,0.618354,0.35,0,4e+07,0,0,0,0,0,0,0,0,0,0
12:53:00.0,0,0,0,0,0,0,0,0,0,0,0,0,0,0,0.00714097,-0.190311,0.618328,0.35,0,4e+07,0,0,0,0,0,0,0,0,0,0
12:53:30.0,0,0,0,0,0,0,0,0,0,0,0,0,0,0,0.00664584,-0.211107,0.618301,0.35,0,4e+07,0,0,0,0,0,0,0,0,0,0
12:54:00.0,0,0,0,0,0,0,0,0,0,0,0,0,0,0,0.00622143,-0.159039,0.618278,0.35,0,4e+07,0,0,0,0,0,0,0,0,0,0
12:54:30.0,0,0,0,0,0,0,0,0,0,0,0,0,0,0,0.00584214,-0.152527,0.618257,0.35,0,4e+07,0,0,0,0,0,0,0,0,0,0
12:55:00.0,0,0,0,0,0,0,0,0,0,0,0,0,0,0,0.00546286,-0.16522,0.618236,0.35,0,4e+07,0,0,0,0,0,0,0,0,0,0
12:55:30.0,0,0,0,0,0,0,0,0,0,0,0,0,0,0,0.00508239,-0.157867,0.618216,0.35,0,4e+07,0,0,0,0,0,0,0,0,0,0
12:56:00.0,0,0,0,0,0,0,0,0,0,0,0,0,0,0,0.00476958,-0.131588,0.618199,0.35,0,4e+07,0,0,0,0,0,0,0,0,0,0
12:56:30.0,0,0,0,0,0,0,0,0,0,0,0,0,0,0,0.0046605,-0.0273941,0.618193,0.35,0,4e+07,0,0,0,0,0,0,0,0,0,0
12:57:00.0,0,0,0,0,0,0,0,0,0,0,0,0,0,0,0.00457209,-0.0554749,0.618189,0.35,0,4e+07,0,0,0,0,0,0,0,0,0,0
12:57:30.0,0,0,0,0,0,0,0,0,0,0,0,0,0,0,0.00442217,-0.0660159,0.618181,0.35,0,4e+07,0,0,0,0,0,0,0,0,0,0
12:58:00.0,0,0,0,0,0,0,0,0,0,0,0,0,0,0,0.0042456,-0.0777851,0.618171,0.35,0,4e+07,0,0,0,0,0,0,0,0,0,0
12:58:30.0,0,0,0,0,0,0,0,0,0,0,0,0,0,0,0.00397948,-0.162753,0.618157,0.35,0,4e+07,0,0,0,0,0,0,0,0,0,0
12:59:00.0,0,0,0,0,0,0,0,0,0,0,0,0,0,0,0.00369622,-0.0814042,0.618141,0.35,0,4e+07,0,0,0,0,0,0,0,0,0,0
12:59:30.0,0,0,0,0,0,0,0,0,0,0,0,0,0,0,0.00314078,-0.215923,0.618111,0.35,0,4e+07,0,0,0,0,0,0,0,0,0,0
13:00:00.0,0,0,0,0,0,0,0,0,0,0,0,0,0,0,0.00250673,-0.315537,0.618075,0.35,0,4e+07,0,0,0,0,0,0,0,0,0,0
13:00:30.0,-895.364,-5.21664e+06,3432.6,8.66825e+06,-100.757,-4,5.88508,-23.25,14.8334,72167.5,-14.8405,-72015,-2289.99,1550.22,0.00174501,-0.326285,0.618033,0.35,1.3563e+07,2.64364e+07,80,-390,-83,-83,-62,-62,97,97,89,89
13:01:00.0,1361.03,-5.22484e+06,4518.45,8.66336e+06,-514.928,35,266.851,-87,39.8699,71980,-39.8087,-71992.5,-123.707,2359.34,0.00102601,-0.291017,0.617993,0.35,1.3563e+07,2.64364e+07,80,-390,-83,-83,-62,-62,97,97,89,89
13:01:30.0,-615.983,-5.224e+06,5114.78,8.66411e+06,-370.528,25,533.278,-134.25,64.9377,72202.5,-64.801,-71655,-2121.14,3168.45,0.00032024,-0.306738,0.617953,0.35,1.3563e+07,2.64364e+07,80,-390,-83,-83,-62,-62,97,97,89,89
13:02:00.0,-990.023,-5.22464e+06,5397.31,8.66237e+06,-431.328,27.75,579.053,-124.5,90.0038,72172.5,-89.7637,-71970,-2365.03,3456.89,-0.000369602,-0.305307,0.617915,0.35,1.3563e+07,2.64364e+07,80,-390,-83,-83,-62,-62,97,97,89,89
13:02:30.0,-474.69,-5.22228e+06,4436.5,8.65624e+06,-428.672,25,562.525,-124.5,115.029,72162.5,-114.729,-71970,-1724.65,2509.17,-0.00101009,-0.309477,0.617878,0.35,1.3563e+07,2.64364e+07,80,-390,-83,-83,-62,-62,97,97,89,89
13:03:00.0,752.548,-5.22122e+06,3539.46,8.65172e+06,-650.502,34,687.742,-124.5,140.057,71965,-139.654,-71730,-575.223,1703.8,-0.00167265,-0.310054,0.617841,0.35,1.3563e+07,2.64364e+07,80,-390,-83,-83,-62,-62,97,97,89,89
13:03:30.0,3532.21,-5.21492e+06,725.057,8.63867e+06,-652.224,29.5,746.255,-124.5,164.976,71680,-164.538,-71332.5,2213.92,-1221.75,-0.0023261,-0.311812,0.617804,0.35,1.3563e+07,2.64364e+07,80,-390,-83,-83,-62,-62,97,97,89,89
13:04:00.0,1128.15,-5.21681e+06,-804.932,8.63251e+06,-485.474,22.25,752.413,-134.25,189.92,71930,-189.334,-71130,-92.438,-2795.03,-0.00297592,-0.316883,0.617768,0.35,1.3563e+07,2.64364e+07,80,-390,-83,-83,-62,-62,97,97,89,89
13:04:30.0,489.123,-5.21112e+06,-1383.96,8.63043e+06,-338.697,8.25,483.494,-112.5,214.914,71980,-214.089,-71182.5,-755.33,-3461.81,-0.0036542,-0.319688,0.617729,0.35,1.3563e+07,2.64364e+07,80,-390,-83,-83,-62,-62,97,97,89,89
13:05:00.0,2113.92,-5.2066e+06,-2435.52,8.62971e+06,-340.896,8.25,310.725,-23.25,239.875,71782.5,-238.806,-71130,913.156,-4499.42,-0.00434115,-0.313913,0.61769,0.35,1.3563e+07,2.64364e+07,80,-390,-83,-83,-62,-62,97,97,89,89
13:05:30.0,1048.94,-5.20743e+06,-2488.68,8.63193e+06,-286.662,2.25,289.396,-23.25,264.796,71937.5,-263.653,-71527.5,-194.999,-4593.07,-0.00495234,-0.326434,0.617656,0.35,1.3563e+07,2.64364e+07,80,-390,-83,-83,-62,-62,97,97,89,89
13:06:00.0,2141.7,-5.20574e+06,1127.68,8.64636e+06,-283.553,6.25,283.995,-23.25,289.759,71807.5,-288.467,-71527.5,979.445,-1023.22,-0.00558001,-0.268243,0.61762,0.35,1.3563e+07,2.64364e+07,80,-390,-83,-83,-62,-62,97,97,89,89
13:06:30.0,1914.29,-5.20953e+06,-472.618,8.63437e+06,-317.617,9.5,309.554,-57.75,314.663,71882.5,-313.382,-71332.5,798.088,-2686.4,-0.00611633,-0.286193,0.617589,0.35,1.3563e+07,2.64364e+07,80,-390,-83,-83,-62,-62,97,97,89,89
13:07:00.0,5065.67,-5.20953e+06,-280.276,8.63139e+06,-582.265,29.5,570.799,-112.5,339.561,71602.5,-338.216,-71505,3874.91,-2514.09,-0.006672,-0.250324,0.617558,0.35,1.3563e+07,2.64364e+07,80,-390,-83,-83,-62,-62,97,97,89,89
13:07:30.0,4814.76,-5.2112e+06,1288.85,8.63297e+06,-607.501,33.25,660.804,-124.5,364.428,71532.5,-362.999,-71415,3721.06,-903.35,-0.00720333,-0.230749,0.617527,0.35,1.3563e+07,2.64364e+07,80,-390,-83,-83,-62,-62,97,97,89,89
13:08:00.0,7528.77,-5.20772e+06,1465.77,8.63079e+06,-855.757,39.25,1050.85,-145.5,389.263,71272.5,-387.807,-71467.5,6337.61,-641.136,-0.00767485,-0.199663,0.6175,0.35,1.3563e+07,2.64364e+07,80,-390,-83,-83,-62,-62,97,97,89,89
13:08:30.0,8241.94,-5.20926e+06,4347.2,8.63894e+06,-1175.16,49.5,1809.72,-234,413.984,71200,-412.58,-71302.5,6962.98,2760.15,-0.00805486,-0.160874,0.617478,0.35,1.3563e+07,2.64364e+07,80,-390,-83,-83,-62,-62,97,97,89,89
13:09:00.0,6975.33,-5.2068e+06,2515.63,8.63268e+06,-1035.9,41.5,1622.86,-208.5,438.692,71297.5,-437.363,-71595,5721,763.579,-0.00841404,-0.195085,0.617457,0.35,1.3563e+07,2.64364e+07,80,-390,-83,-83,-62,-62,97,97,89,89
13:09:30.0,7660.73,-5.2036e+06,2833.36,8.63421e+06,-863.49,33.25,907.436,-124.5,463.406,71192.5,-462.192,-71677.5,6541.48,767.325,-0.00877289,-0.177093,0.617436,0.35,1.3563e+07,2.64364e+07,80,-390,-83,-83,-62,-62,97,97,89,89
13:10:00.0,6818.18,-5.20512e+06,4562.74,8.64184e+06,-848.52,33.25,981.289,-124.5,488.151,71340,-487.088,-71677.5,5793.54,2400.54,-0.00911817,-0.167701,0.617416,0.35,1.3563e+07,2.64364e+07,80,-390,-83,-83,-62,-62,97,97,89,89
13:10:30.0,6335.52,-5.20776e+06,5290.84,8.63913e+06,-1050.12,41.5,1151.47,-174.75,512.894,71407.5,-512.025,-71797.5,5185.68,3205.91,-0.00943312,-0.179718,0.617397,0.35,1.3563e+07,2.64364e+07,80,-390,-83,-83,-62,-62,97,97,89,89
13:11:00.0,6088.55,-5.21264e+06,5702.5,8.64407e+06,-1517.34,58.5,1535.42,-229.5,537.699,71422.5,-536.929,-71745,4551.55,3838.97,-0.0098128,-0.174035,0.617375,0.35,1.3563e+07,2.64364e+07,80,-390,-83,-83,-62,-62,97,97,89,89
13:11:30.0,7202.73,-5.20757e+06,6974.45,8.64887e+06,-1442.23,52.75,1655.62,-209.25,562.454,71317.5,-561.905,-71805,5802.29,5157.53,-0.010098,-0.142736,0.617358,0.35,1.3563e+07,2.64364e+07,80,-390,-83,-83,-62,-62,97,97,89,89
13:12:00.0,7089.43,-5.21218e+06,8555.51,8.6529e+06,-1956.57,64.5,1771.93,-229.5,587.223,71300,-586.913,-72142.5,5342.02,6768.27,-0.0103657,-0.125981,0.617342,0.35,1.3563e+07,2.64364e+07,80,-390,-83,-83,-62,-62,97,97,89,89
13:12:30.0,6302.76,-5.21065e+06,10003.1,8.66127e+06,-1704.88,58.5,1366.67,-183,611.987,71327.5,-611.984,-72285,4834.22,7929.5,-0.0106043,-0.117962,0.617327,0.35,1.3563e+07,2.64364e+07,80,-390,-83,-83,-62,-62,97,97,89,89
13:13:00.0,5823.35,-5.20994e+06,8144.97,8.65587e+06,-1576.8,55.75,1145.36,-145.5,636.783,71442.5,-637.116,-72217.5,4347.68,6037.82,-0.0108335,-0.145671,0.617313,0.35,1.3563e+07,2.64364e+07,80,-390,-83,-83,-62,-62,97,97,89,89
13:13:30.0,5301.1,-5.20981e+06,8607.16,8.6557e+06,-1226.03,49,1010.33,-145.5,661.559,71525,-662.164,-72315,4191.34,6431.14,-0.0111036,-0.139099,0.617297,0.35,1.3563e+07,2.64364e+07,80,-390,-83,-83,-62,-62,97,97,89,89
13:14:00.0,5762.2,-5.21273e+06,8276.1,8.6496e+06,-1633.71,58,1296.8,-185.25,686.389,71477.5,-687.248,-72232.5,4347.68,6075.28,-0.0113764,-0.138202,0.61728,0.35,1.3563e+07,2.64364e+07,80,-390,-83,-83,-62,-62,97,97,89,89
13:14:30.0,6712.81,-5.21284e+06,9164,8.64654e+06,-1817.28,60.5,1615.66,-243,711.163,71422.5,-712.247,-71970,5161.92,7236.51,-0.0116051,-0.112811,0.617266,0.35,1.3563e+07,2.64364e+07,80,-390,-83,-83,-62,-62,97,97,89,89
13:15:00.0,6369.69,-5.2109e+06,8198.66,8.65125e+06,-1544.06,55.75,1223.68,-171,735.953,71417.5,-737.268,-72315,5099.38,5962.9,-0.0118562,-0.130146,0.617251,0.35,1.3563e+07,2.64364e+07,80,-390,-83,-83,-62,-62,97,97,89,89
13:15:30.0,7282.22,-5.20716e+06,5866.31,8.64649e+06,-1407.45,50,839.774,-124.5,760.73,71302.5,-762.322,-72090,6098.72,3464.38,-0.0121216,-0.148863,0.617235,0.35,1.3563e+07,2.64364e+07,80,-390,-83,-83,-62,-62,97,97,89,89
13:16:00.0,7117.77,-5.20794e+06,7251.23,8.64843e+06,-1479.23,53.5,909.472,-145.5,785.495,71285,-787.356,-72022.5,5884.84,5037.66,-0.0123887,-0.131382,0.617218,0.35,1.3563e+07,2.64364e+07,80,-390,-83,-83,-62,-62,97,97,89,89
13:16:30.0,11733.7,-5.20425e+06,7327.99,8.63947e+06,-1986.28,66.75,2077.57,-243,810.214,70817.5,-812.368,-71850,10136.1,5648.24,-0.012583,-0.0709604,0.617206,0.35,1.3563e+07,2.64364e+07,80,-390,-83,-83,-62,-62,97,97,89,89
13:17:00.0,13003.4,-3.04008e+06,8103.39,5.03723e+06,-2032.87,77,2101.75,-119.25,830.646,41035,-833.249,-41985,11923.4,7015.5,-0.012665,-0.0435106,0.6172,0.35,8.02354e+06,2.64364e+07,80,-390,-49,-49,-35,-35,57,57,53,53
13:17:30.0,13326.8,-3.04324e+06,7097.92,5.02488e+06,-3595.64,95.25,2847.56,-180.75,844.904,41002.5,-847.804,-41745,10836.5,6468.6,-0.0127565,-0.0691431,0.617194,0.35,8.02354e+06,2.64364e+07,80,-390,-49,-49,-35,-35,57,57,53,53
13:18:00.0,12831.7,-3.04494e+06,9279.35,5.0332e+06,-4123.9,95.25,3148.83,-189,859.147,41022.5,-862.334,-41947.5,9987.27,8888.46,-0.0128543,-0.0402581,0.617187,0.35,8.02354e+06,2.64364e+07,80,-390,-49,-49,-35,-35,57,57,53,53
13:18:30.0,13075.9,-3.04382e+06,9928.97,5.03674e+06,-3834.66,95.25,3099.74,-180.75,873.417,41015,-876.942,-41947.5,10532.6,9439.1,-0.0129116,-0.0159642,0.617182,0.35,5.87085e+06,2.64364e+07,80,-390,-36,-49,-26,-35,42,57,38,53
13:19:00.0,12822.3,0,10007.1,0,-4088.15,0,3193.97,0,875.042,0,-879.133,0,10675.2,10371.8,-0.0129606,-0.0400847,0.617178,0.35,0,2.64364e+07,80,-390,0,0,0,0,0,0,0,0
13:19:30.0,12822.3,0,10007.1,0,-4088.15,0,3193.97,0,875.042,0,-879.133,0,10675.2,10371.8,-0.0129945,-0.0120536,0.617175,0.35,0,2.64364e+07,80,-390,0,0,0,0,0,0,0,0
13:20:00.0,12822.3,0,10007.1,0,-4088.15,0,3193.97,0,875.042,0,-879.133,0,10675.2,10371.8,-0.0130525,-0.0331602,0.61717,0.35,0,2.64364e+07,80,-390,0,0,0,0,0,0,0,0
13:20:30.0,12822.3,0,10007.1,0,-4088.15,0,3193.97,0,875.042,0,-879.133,0,10675.2,10371.8,-0.0131429,-0.0784765,0.617163,0.35,0,2.64364e+07,80,-390,0,0,0,0,0,0,0,0
13:21:00.0,12822.3,0,10007.1,0,-4088.15,0,3193.97,0,875.042,0,-879.133,0,10675.2,10371.8,-0.0132492,-0.0652525,0.617156,0.35,0,2.64364e+07,80,-390,0,0,0,0,0,0,0,0
13:21:30.0,12822.3,0,10007.1,0,-4088.15,0,3193.97,0,875.042,0,-879.133,0,10675.2,10371.8,-0.0133665,-0.0600443,0.617148,0.35,0,2.64364e+07,80,-390,0,0,0,0,0,0,0,0
13:22:00.0,12822.3,0,10007.1,0,-4088.15,0,3193.97,0,875.042,0,-879.133,0,10675.2,10371.8,-0.0134524,-0.0534793,0.617142,0.35,0,2.64364e+07,80,-390,0,0,0,0,0,0,0,0
13:22:30.0,12822.3,0,10007.1,0,-4088.15,0,3193.97,0,875.042,0,-879.133,0,10675.2,10371.8,-0.0135411,-0.0716119,0.617135,0.35,0,2.64364e+07,80,-390,0,0,0,0,0,0,0,0
13:23:00.0,12822.3,0,10007.1,0,-4088.15,0,3193.97,0,875.042,0,-879.133,0,10675.2,10371.8,-0.0136888,-0.102701,0.617125,0.35,0,2.64364e+07,80,-390,0,0,0,0,0,0,0,0
13:23:30.0,12822.3,0,10007.1,0,-4088.15,0,3193.97,0,875.042,0,-879.133,0,10675.2,10371.8,-0.0138528,-0.0890636,0.617115,0.35,0,2.64364e+07,80,-390,0,0,0,0,0,0,0,0
13:24:00.0,12822.3,0,10007.1,0,-4088.15,0,3193.97,0,875.042,0,-879.133,0,10675.2,10371.8,-0.0140324,-0.126927,0.617103,0.35,0,2.64364e+07,80,-390,0,0,0,0,0,0,0,0
13:24:30.0,12822.3,0,10007.1,0,-4088.15,0,3193.97,0,875.042,0,-879.133,0,10675.2,10371.8,-0.0142433,-0.103643,0.617089,0.35,0,2.64364e+07,80,-390,0,0,0,0,0,0,0,0
13:25:00.0,12822.3,0,10007.1,0,-4088.15,0,3193.97,0,875.042,0,-879.133,0,10675.2,10371.8,-0.0144532,-0.135989,0.617076,0.35,0,2.64364e+07,80,-390,0,0,0,0,0,0,0,0
13:25:30.0,12822.3,0,10007.1,0,-4088.15,0,3193.97,0,875.042,0,-879.133,0,10675.2,10371.8,-0.0147111,-0.138023,0.61706,0.35,0,2.64364e+07,80,-390,0,0,0,0,0,0,0,0
13:26:00.0,12822.3,0,10007.1,0,-4088.15,0,3193.97,0,875.042,0,-879.133,0,10675.2,10371.8,-0.01498,-0.144404,0.617043,0.35,0,2.64364e+07,80,-390,0,0,0,0,0,0,0,0
13:26:30.0,12822.3,0,10007.1,0,-4088.15,0,3193.97,0,875.042,0,-879.133,0,10675.2,10371.8,-0.0152503,-0.160414,0.617026,0.35,0,2.64364e+07,80,-390,0,0,0,0,0,0,0,0
13:27:00.0,12822.3,0,10007.1,0,-4088.15,0,3193.97,0,875.042,0,-879.133,0,10675.2,10371.8,-0.0155387,-0.164138,0.617008,0.35,0,2.64364e+07,80,-390,0,0,0,0,0,0,0,0
13:27:30.0,12822.3,0,10007.1,0,-4088.15,0,3193.97,0,875.042,0,-879.133,0,10675.2,10371.8,-0.015875,-0.186517,0.616987,0.35,0,2.64364e+07,80,-390,0,0,0,0,0,0,0,0
13:28:00.0,12822.3,0,10007.1,0,-4088.15,0,3193.97,0,875.042,0,-879.133,0,10675.2,10371.8,-0.0162407,-0.192991,0.616965,0.35,0,2.64364e+07,80,-390,0,0,0,0,0,0,0,0
13:28:30.0,12822.3,0,10007.1,0,-4088.15,0,3193.97,0,875.042,0,-879.133,0,10675.2,10371.8,-0.0165816,-0.209218,0.616944,0.35,0,2.64364e+07,80,-390,0,0,0,0,0,0,0,0
13:29:00.0,12822.3,0,10007.1,0,-4088.15,0,3193.97,0,875.042,0,-879.133,0,10675.2,10371.8,-0.0169639,-0.205765,0.61692,0.35,0,2.64364e+07,80,-390,0,0,0,0,0,0,0,0
13:29:30.0,12822.3,0,10007.1,0,-4088.15,0,3193.97,0,875.042,0,-879.133,0,10675.2,10371.8,-0.017378,-0.24745,0.616895,0.35,0,2.64364e+07,80,-390,0,0,0,0,0,0,0,0
13:30:00.0,12822.3,0,10007.1,0,-4088.15,0,3193.97,0,875.042,0,-879.133,0,10675.2,10371.8,-0.0178041,-0.226126,0.616869,0.35,0,2.64364e+07,80,-390,0,0,0,0,0,0,0,0
13:30:30.0,12822.3,0,10007.1,0,-4088.15,0,3193.97,0,875.042,0,-879.133,0,10675.2,10371.8,-0.018215,-0.212542,0.616844,0.35,0,2.64364e+07,80,-390,0,0,0,0,0,0,0,0
13:31:00.0,12822.3,0,10007.1,0,-4088.15,0,3193.97,0,875.042,0,-879.133,0,10675.2,10371.8,-0.0186422,-0.245229,0.616817,0.35,0,2.64364e+07,80,-390,0,0,0,0,0,0,0,0
13:31:30.0,12822.3,0,10007.1,0,-4088.15,0,3193.97,0,875.042,0,-879.133,0,10675.2,10371.8,-0.0190777,-0.246032,0.616791,0.35,0,2.64364e+07,80,-390,0,0,0,0,0,0,0,0
13:32:00.0,12822.3,0,10007.1,0,-4088.15,0,3193.97,0,875.042,0,-879.133,0,10675.2,10371.8,-0.0195104,-0.229426,0.616764,0.35,0,2.64364e+07,80,-390,0,0,0,0,0,0,0,0
13:32:30.0,12822.3,0,10007.1,0,-4088.15,0,3193.97,0,875.042,0,-879.133,0,10675.2,10371.8,-0.0199037,-0.220572,0.616739,0.35,0,2.64364e+07,80,-390,0,0,0,0,0,0,0,0
13:33:00.0,12822.3,0,10007.1,0,-4088.15,0,3193.97,0,875.042,0,-879.133,0,10675.2,10371.8,-0.0203175,-0.242322,0.616714,0.35,0,2.64364e+07,80,-390,0,0,0,0,0,0,0,0
13:33:30.0,12822.3,0,10007.1,0,-4088.15,0,3193.97,0,875.042,0,-879.133,0,10675.2,10371.8,-0.0207442,-0.251179,0.616687,0.35,0,2.64364e+07,80,-390,0,0,0,0,0,0,0,0
13:34:00.0,12822.3,0,10007.1,0,-4088.15,0,3193.97,0,875.042,0,-879.133,0,10675.2,10371.8,-0.021194,-0.247433,0.616659,0.35,0,2.64364e+07,80,-390,0,0,0,0,0,0,0,0
13:34:30.0,12822.3,0,10007.1,0,-4088.15,0,3193.97,0,875.042,0,-879.133,0,10675.2,10371.8,-0.0216242,-0.245432,0.616633,0.35,0,2.64364e+07,80,-390,0,0,0,0,0,0,0,0
13:35:00.0,12822.3,0,10007.1,0,-4088.15,0,3193.97,0,875.042,0,-879.133,0,10675.2,10371.8,-0.0220216,-0.235643,0.616608,0.35,0,2.64364e+07,80,-390,0,0,0,0,0,0,0,0
13:35:30.0,12822.3,0,10007.1,0,-4088.15,0,3193.97,0,875.042,0,-879.133,0,10675.2,10371.8,-0.0224431,-0.248595,0.616581,0.35,0,2.64364e+07,80,-390,0,0,0,0,0,0,0,0
13:36:00.0,12822.3,0,10007.1,0,-4088.15,0,3193.97,0,875.042,0,-879.133,0,10675.2,10371.8,-0.0228708,-0.257963,0.616555,0.35,0,2.64364e+07,80,-390,0,0,0,0,0,0,0,0
13:36:30.0,12822.3,0,10007.1,0,-4088.15,0,3193.97,0,875.042,0,-879.133,0,10675.2,10371.8,-0.0233066,-0.225891,0.616527,0.35,0,2.64364e+07,80,-390,0,0,0,0,0,0,0,0
13:37:00.0,12822.3,0,10007.1,0,-4088.15,0,3193.97,0,875.042,0,-879.133,0,10675.2,10371.8,-0.0236911,-0.220713,0.616503,0.35,0,2.64364e+07,80,-390,0,0,0,0,0,0,0,0
13:37:30.0,12822.3,0,10007.1,0,-4088.15,0,3193.97,0,875.042,0,-879.133,0,10675.2,10371.8,-0.0240698,-0.232138,0.616479,0.35,0,2.64364e+07,80,-390,0,0,0,0,0,0,0,0
13:38:00.0,12822.3,0,10007.1,0,-4088.15,0,3193.97,0,875.042,0,-879.133,0,10675.2,10371.8,-0.0244507,-0.215922,0.616455,0.35,0,2.64364e+07,80,-390,0,0,0,0,0,0,0,0
13:38:30.0,12822.3,0,10007.1,0,-4088.15,0,3193.97,0,875.042,0,-879.133,0,10675.2,10371.8,-0.0247957,-0.189665,0.616432,0.35,0,2.64364e+07,80,-390,0,0,0,0,0,0,0,0
13:39:00.0,12822.3,0,10007.1,0,-4088.15,0,3193.97,0,875.042,0,-879.133,0,10675.2,10371.8,-0.0251124,-0.19324,0.616412,0.35,0,2.64364e+07,80,-390,0,0,0,0,0,0,0,0
13:39:30.0,12822.3,0,10007.1,0,-4088.15,0,3193.97,0,875.042,0,-879.133,0,10675.2,10371.8,-0.0254532,-0.157985,0.61639,0.35,0,2.64364e+07,80,-390,0,0,0,0,0,0,0,0
13:40:00.0,12822.3,0,10007.1,0,-4088.15,0,3193.97,0,875.042,0,-879.133,0,10675.2,10371.8,-0.025659,-0.138312,0.616375,0.35,0,2.64364e+07,80,-390,0,0,0,0,0,0,0,0
13:40:30.0,12822.3,0,10007.1,0,-4088.15,0,3193.97,0,875.042,0,-879.133,0,10675.2,10371.8,-0.0258686,-0.128658,0.616361,0.35,0,2.64364e+07,80,-390,0,0,0,0,0,0,0,0
13:41:00.0,12822.3,0,10007.1,0,-4088.15,0,3193.97,0,875.042,0,-879.133,0,10675.2,10371.8,-0.0259876,-0.0729032,0.616351,0.35,0,2.64364e+07,80,-390,0,0,0,0,0,0,0,0
13:41:30.0,12822.3,0,10007.1,0,-4088.15,0,3193.97,0,875.042,0,-879.133,0,10675.2,10371.8,-0.026077,-0.0709976,0.616344,0.35,0,2.64364e+07,80,-390,0,0,0,0,0,0,0,0
13:42:00.0,12822.3,0,10007.1,0,-4088.15,0,3193.97,0,875.042,0,-879.133,0,10675.2,10371.8,-0.0261701,-0.0601728,0.616336,0.35,0,2.64364e+07,80,-390,0,0,0,0,0,0,0,0
13:42:30.0,12822.3,0,10007.1,0,-4088.15,0,3193.97,0,875.042,0,-879.133,0,10675.2,10371.8,-0.0262222,-0.066315,0.61633,0.35,0,2.64364e+07,80,-390,0,0,0,0,0,0,0,0
13:43:00.0,12822.3,0,10007.1,0,-4088.15,0,3193.97,0,875.042,0,-879.133,0,10675.2,10371.8,-0.0262861,-0.0737287,0.616324,0.35,0,2.64364e+07,80,-390,0,0,0,0,0,0,0,0
13:43:30.0,12822.3,0,10007.1,0,-4088.15,0,3193.97,0,875.042,0,-879.133,0,10675.2,10371.8,-0.0263505,-0.0576197,0.616317,0.35,0,2.64364e+07,80,-390,0,0,0,0,0,0,0,0
13:44:00.0,12822.3,0,10007.1,0,-4088.15,0,3193.97,0,875.042,0,-879.133,0,10675.2,10371.8,-0.0264194,-0.0862944,0.616311,0.35,0,2.64364e+07,80,-390,0,0,0,0,0,0,0,0
13:44:30.0,12822.3,0,10007.1,0,-4088.15,0,3193.97,0,875.042,0,-879.133,0,10675.2,10371.8,-0.0265175,-0.080444,0.616302,0.35,0,2.64364e+07,80,-390,0,0,0,0,0,0,0,0
13:45:00.0,12822.3,0,10007.1,0,-4088.15,0,3193.97,0,875.042,0,-879.133,0,10675.2,10371.8,-0.0266449,-0.100473,0.616292,0.35,0,2.64364e+07,80,-390,0,0,0,0,0,0,0,0
13:45:30.0,12822.3,0,10007.1,0,-4088.15,0,3193.97,0,875.042,0,-879.133,0,10675.2,10371.8,-0.0267797,-0.0847514,0.616282,0.35,0,2.64364e+07,80,-390,0,0,0,0,0,0,0,0
13:46:00.0,12822.3,0,10007.1,0,-4088.15,0,3193.97,0,875.042,0,-879.133,0,10675.2,10371.8,-0.0269192,-0.113672,0.616271,0.35,0,2.64364e+07,80,-390,0,0,0,0,0,0,0,0
13:46:30.0,12822.3,0,10007.1,0,-4088.15,0,3193.97,0,875.042,0,-879.133,0,10675.2,10371.8,-0.0270495,-0.0731202,0.616261,0.35,0,2.64364e+07,80,-390,0,0,0,0,0,0,0,0
13:47:00.0,12822.3,0,10007.1,0,-4088.15,0,3193.97,0,875.042,0,-879.133,0,10675.2,10371.8,-0.0271571,-0.0811087,0.616252,0.35,0,2.64364e+07,80,-390,0,0,0,0,0,0,0,0
13:47:30.0,12822.3,0,10007.1,0,-4088.15,0,3193.97,0,875.042,0,-879.133,0,10675.2,10371.8,-0.027307,-0.146462,0.616241,0.35,0,2.64364e+07,80,-390,0,0,0,0,0,0,0,0
13:48:00.0,12822.3,0,10007.1,0,-4088.15,0,3193.97,0,875.042,0,-879.133,0,10675.2,10371.8,-0.0273901,-0.0381848,0.616234,0.35,0,2.64364e+07,80,-390,0,0,0,0,0,0,0,0
13:48:30.0,12822.3,0,10007.1,0,-4088.15,0,3193.97,0,875.042,0,-879.133,0,10675.2,10371.8,-0.0274543,-0.074362,0.616227,0.35,0,2.64364e+07,80,-390,0,0,0,0,0,0,0,0
13:49:00.0,12822.3,0,10007.1,0,-4088.15,0,3193.97,0,875.042,0,-879.133,0,10675.2,10371.8,-0.0275521,-0.0997212,0.616219,0.35,0,2.64364e+07,80,-390,0,0,0,0,0,0,0,0
13:49:30.0,12822.3,0,10007.1,0,-4088.15,0,3193.97,0,875.042,0,-879.133,0,10675.2,10371.8,-0.027653,-0.061871,0.61621,0.35,0,2.64364e+07,80,-390,0,0,0,0,0,0,0,0
13:50:00.0,12822.3,0,10007.1,0,-4088.15,0,3193.97,0,875.042,0,-879.133,0,10675.2,10371.8,-0.0277068,-0.0606789,0.616205,0.35,0,2.64364e+07,80,-390,0,0,0,0,0,0,0,0
13:50:30.0,12822.3,0,10007.1,0,-4088.15,0,3193.97,0,875.042,0,-879.133,0,10675.2,10371.8,-0.02766,-0.00344127,0.616204,0.35,0,2.64364e+07,80,-390,0,0,0,0,0,0,0,0
13:51:00.0,12822.3,0,10007.1,0,-4088.15,0,3193.97,0,875.042,0,-879.133,0,10675.2,10371.8,-0.0276223,-0.0177266,0.616204,0.35,0,2.64364e+07,80,-390,0,0,0,0,0,0,0,0
13:51:30.0,12822.3,0,10007.1,0,-4088.15,0,3193.97,0,875.042,0,-879.133,0,10675.2,10371.8,-0.0275844,-0.00263764,0.616203,0.35,0,2.64364e+07,80,-390,0,0,0,0,0,0,0,0
13:52:00.0,12822.3,0,10007.1,0,-4088.15,0,3193.97,0,875.042,0,-879.133,0,10675.2,10371.8,-0.0275379,-0.00240645,0.616203,0.35,0,2.64364e+07,80,-390,0,0,0,0,0,0,0,0
13:52:30.0,12822.3,0,10007.1,0,-4088.15,0,3193.97,0,875.042,0,-879.133,0,10675.2,10371.8,-0.0275085,0.00859055,0.616202,0.35,0,2.64364e+07,80,-390,0,0,0,0,0,0,0,0
13:53:00.0,12822.3,0,10007.1,0,-4088.15,0,3193.97,0,875.042,0,-879.133,0,10675.2,10371.8,-0.0274242,0.0142234,0.616204,0.35,0,2.64364e+07,80,-390,0,0,0,0,0,0,0,0
13:53:30.0,12822.3,0,10007.1,0,-4088.15,0,3193.97,0,875.042,0,-879.133,0,10675.2,10371.8,-0.0273767,-0.0377182,0.616203,0.35,0,2.64364e+07,80,-390,0,0,0,0,0,0,0,0
13:54:00.0,12822.3,0,10007.1,0,-4088.15,0,3193.97,0,875.042,0,-879.133,0,10675.2,10371.8,-0.0273576,-0.00811317,0.616202,0.35,0,2.64364e+07,80,-390,0,0,0,0,0,0,0,0
13:54:30.0,12822.3,0,10007.1,0,-4088.15,0,3193.97,0,875.042,0,-879.133,0,10675.2,10371.8,-0.0273153,-0.0124226,0.616201,0.35,0,2.64364e+07,80,-390,0,0,0,0,0,0,0,0
13:55:00.0,12822.3,0,10007.1,0,-4088.15,0,3193.97,0,875.042,0,-879.133,0,10675.2,10371.8,-0.0273006,-0.0278102,0.616199,0.35,0,2.64364e+07,80,-390,0,0,0,0,0,0,0,0
13:55:30.0,12822.3,0,10007.1,0,-4088.15,0,3193.97,0,875.042,0,-879.133,0,10675.2,10371.8,-0.0273107,-0.0386502,0.616196,0.35,0,2.64364e+07,80,-390,0,0,0,0,0,0,0,0
13:56:00.0,12822.3,0,10007.1,0,-4088.15,0,3193.97,0,875.042,0,-879.133,0,10675.2,10371.8,-0.027355,-0.0808232,0.616191,0.35,0,2.64364e+07,80,-390,0,0,0,0,0,0,0,0
13:56:30.0,12822.3,0,10007.1,0,-4088.15,0,3193.97,0,875.042,0,-879.133,0,10675.2,10371.8,-0.0274198,-0.0490515,0.616184,0.35,0,2.64364e+07,80,-390,0,0,0,0,0,0,0,0
13:57:00.0,12822.3,0,10007.1,0,-4088.15,0,3193.97,0,875.042,0,-879.133,0,10675.2,10371.8,-0.0274892,-0.0996103,0.616178,0.35,0,2.64364e+07,80,-390,0,0,0,0,0,0,0,0
13:57:30.0,12822.3,0,10007.1,0,-4088.15,0,3193.97,0,875.042,0,-879.133,0,10675.2,10371.8,-0.0276051,-0.104046,0.616169,0.35,0,2.64364e+07,80,-390,0,0,0,0,0,0,0,0
13:58:00.0,12822.3,0,10007.1,0,-4088.15,0,3193.97,0,875.042,0,-879.133,0,10675.2,10371.8,-0.027715,-0.0758538,0.61616,0.35,0,2.64364e+07,80,-390,0,0,0,0,0,0,0,0
13:58:30.0,12822.3,0,10007.1,0,-4088.15,0,3193.97,0,875.042,0,-879.133,0,10675.2,10371.8,-0.0278029,-0.0763369,0.616152,0.35,0,2.64364e+07,80,-390,0,0,0,0,0,0,0,0
13:59:00.0,12822.3,0,10007.1,0,-4088.15,0,3193.97,0,875.042,0,-879.133,0,10675.2,10371.8,-0.0278847,-0.0655723,0.616145,0.35,0,2.64364e+07,80,-390,0,0,0,0,0,0,0,0
13:59:30.0,12822.3,0,10007.1,0,-4088.15,0,3193.97,0,875.042,0,-879.133,0,10675.2,10371.8,-0.0279179,-0.0316966,0.61614,0.35,0,2.64364e+07,80,-390,0,0,0,0,0,0,0,0
14:00:00.0,12822.3,0,10007.1,0,-4088.15,0,3193.97,0,875.042,0,-879.133,0,10675.2,10371.8,-0.0278827,-0.00517538,0.616139,0.35,0,2.64364e+07,80,-390,0,0,0,0,0,0,0,0
14:00:30.0,12822.3,0,10007.1,0,-4088.15,0,3193.97,0,875.042,0,-879.133,0,10675.2,10371.8,-0.0278459,-0.0120127,0.616138,0.35,0,2.64364e+07,80,-390,0,0,0,0,0,0,0,0
14:01:00.0,12822.3,0,10007.1,0,-4088.15,0,3193.97,0,875.042,0,-879.133,0,10675.2,10371.8,-0.0277972,-0.00506228,0.616138,0.35,0,2.64364e+07,80,-390,0,0,0,0,0,0,0,0
14:01:30.0,12822.3,0,10007.1,0,-4088.15,0,3193.97,0,875.042,0,-879.133,0,10675.2,10371.8,-0.0276925,0.0485737,0.616142,0.35,0,2.64364e+07,80,-390,0,0,0,0,0,0,0,0
14:02:00.0,12822.3,0,10007.1,0,-4088.15,0,3193.97,0,875.042,0,-879.133,0,10675.2,10371.8,-0.0275893,0.000304445,0.616145,0.35,0,2.64364e+07,80,-390,0,0,0,0,0,0,0,0
14:02:30.0,12822.3,0,10007.1,0,-4088.15,0,3193.97,0,875.042,0,-879.133,0,10675.2,10371.8,-0.0275023,0.0424378,0.616147,0.35,0,2.64364e+07,80,-390,0,0,0,0,0,0,0,0
14:03:00.0,12822.3,0,10007.1,0,-4088.15,0,3193.97,0,875.042,0,-879.133,0,10675.2,10371.8,-0.0273691,0.0523707,0.616152,0.35,0,2.64364e+07,80,-390,0,0,0,0,0,0,0,0
14:03:30.0,12822.3,0,10007.1,0,-4088.15,0,3193.97,0,875.042,0,-879.133,0,10675.2,10371.8,-0.0272243,0.0528358,0.616157,0.35,0,2.64364e+07,80,-390,0,0,0,0,0,0,0,0
14:04:00.0,12822.3,0,10007.1,0,-4088.15,0,3193.97,0,875.042,0,-879.133,0,10675.2,10371.8,-0.0270781,0.0771016,0.616163,0.35,0,2.64364e+07,80,-390,0,0,0,0,0,0,0,0
14:04:30.0,12822.3,0,10007.1,0,-4088.15,0,3193.97,0,875.042,0,-879.133,0,10675.2,10371.8,-0.0269179,0.0918245,0.616169,0.35,0,2.64364e+07,80,-390,0,0,0,0,0,0,0,0
14:05:00.0,12822.3,0,10007.1,0,-4088.15,0,3193.97,0,875.042,0,-879.133,0,10675.2,10371.8,-0.0266767,0.0958143,0.61618,0.35,0,2.64364e+07,80,-390,0,0,0,0,0,0,0,0
14:05:30.0,12822.3,0,10007.1,0,-4088.15,0,3193.97,0,875.042,0,-879.133,0,10675.2,10371.8,-0.0264221,0.146489,0.616192,0.35,0,2.64364e+07,80,-390,0,0,0,0,0,0,0,0
14:06:00.0,12822.3,0,10007.1,0,-4088.15,0,3193.97,0,875.042,0,-879.133,0,10675.2,10371.8,-0.0261386,0.10503,0.616205,0.35,0,2.64364e+07,80,-390,0,0,0,0,0,0,0,0
14:06:30.0,12822.3,0,10007.1,0,-4088.15,0,3193.97,0,875.042,0,-879.133,0,10675.2,10371.8,-0.0259117,0.0782258,0.616215,0.35,0,2.64364e+07,80,-390,0,0,0,0,0,0,0,0
14:07:00.0,12822.3,0,10007.1,0,-4088.15,0,3193.97,0,875.042,0,-879.133,0,10675.2,10371.8,-0.0256828,0.141752,0.616226,0.35,0,2.64364e+07,80,-390,0,0,0,0,0,0,0,0
14:07:30.0,12822.3,0,10007.1,0,-4088.15,0,3193.97,0,875.042,0,-879.133,0,10675.2,10371.8,-0.0254362,0.122359,0.616237,0.35,0,2.64364e+07,80,-390,0,0,0,0,0,0,0,0
14:08:00.0,12822.3,0,10007.1,0,-4088.15,0,3193.97,0,875.042,0,-879.133,0,10675.2,10371.8,-0.0251734,0.110155,0.616249,0.35,0,2.64364e+07,80,-390,0,0,0,0,0,0,0,0
14:08:30.0,12822.3,0,10007.1,0,-4088.15,0,3193.97,0,875.042,0,-879.133,0,10675.2,10371.8,-0.024954,0.0948812,0.616259,0.35,0,2.64364e+07,80,-390,0,0,0,0,0,0,0,0
14:09:00.0,12822.3,0,10007.1,0,-4088.15,0,3193.97,0,875.042,0,-879.133,0,10675.2,10371.8,-0.0247876,0.0354577,0.616266,0.35,0,2.64364e+07,80,-390,0,0,0,0,0,0,0,0
14:09:30.0,12822.3,0,10007.1,0,-4088.15,0,3193.97,0,875.042,0,-879.133,0,10675.2,10371.8,-0.0246888,0.0473432,0.616269,0.35,0,2.64364e+07,80,-390,0,0,0,0,0,0,0,0
14:10:00.0,12822.3,0,10007.1,0,-4088.15,0,3193.97,0,875.042,0,-879.133,0,10675.2,10371.8,-0.0245747,0.0198504,0.616273,0.35,0,2.64364e+07,80,-390,0,0,0,0,0,0,0,0
14:10:30.0,12822.3,0,10007.1,0,-4088.15,0,3193.97,0,875.042,0,-879.133,0,10675.2,10371.8,-0.0244639,0.0527658,0.616277,0.35,0,2.64364e+07,80,-390,0,0,0,0,0,0,0,0
14:11:00.0,12822.3,0,10007.1,0,-4088.15,0,3193.97,0,875.042,0,-879.133,0,10675.2,10371.8,-0.0243822,-0.0137005,0.616279,0.35,0,2.64364e+07,80,-390,0,0,0,0,0,0,0,0
14:11:30.0,12822.3,0,10007.1,0,-4088.15,0,3193.97,0,875.042,0,-879.133,0,10675.2,10371.8,-0.0243577,0.00858869,0.616278,0.35,0,2.64364e+07,80,-390,0,0,0,0,0,0,0,0
14:12:00.0,12822.3,0,10007.1,0,-4088.15,0,3193.97,0,875.042,0,-879.133,0,10675.2,10371.8,-0.0243013,0.0301009,0.616279,0.35,0,2.64364e+07,80,-390,0,0,0,0,0,0,0,0
14:12:30.0,12822.3,0,10007.1,0,-4088.15,0,3193.97,0,875.042,0,-879.133,0,10675.2,10371.8,-0.0242287,0.0231902,0.616281,0.35,0,2.64364e+07,80,-390,0,0,0,0,0,0,0,0
14:13:00.0,12822.3,0,10007.1,0,-4088.15,0,3193.97,0,875.042,0,-879.133,0,10675.2,10371.8,-0.0241191,0.0545052,0.616285,0.35,0,2.64364e+07,80,-390,0,0,0,0,0,0,0,0
14:13:30.0,12822.3,0,10007.1,0,-4088.15,0,3193.97,0,875.042,0,-879.133,0,10675.2,10371.8,-0.0239724,0.0758153,0.616291,0.35,0,2.64364e+07,80,-390,0,0,0,0,0,0,0,0
14:14:00.0,12822.3,0,10007.1,0,-4088.15,0,3193.97,0,875.042,0,-879.133,0,10675.2,10371.8,-0.0238179,0.0637415,0.616297,0.35,0,2.64364e+07,80,-390,0,0,0,0,0,0,0,0
14:14:30.0,12822.3,0,10007.1,0,-4088.15,0,3193.97,0,875.042,0,-879.133,0,10675.2,10371.8,-0.0236286,0.124392,0.616305,0.35,0,2.64364e+07,80,-390,0,0,0,0,0,0,0,0
14:15:00.0,12822.3,0,10007.1,0,-4088.15,0,3193.97,0,875.042,0,-879.133,0,10675.2,10371.8,-0.0233904,0.0986698,0.616316,0.35,0,2.64364e+07,80,-390,0,0,0,0,0,0,0,0
14:15:30.0,12822.3,0,10007.1,0,-4088.15,0,3193.97,0,875.042,0,-879.133,0,10675.2,10371.8,-0.0231611,0.127212,0.616327,0.35,0,2.64364e+07,80,-390,0,0,0,0,0,0,0,0
14:16:00.0,12822.3,0,10007.1,0,-4088.15,0,3193.97,0,875.042,0,-879.133,0,10675.2,10371.8,-0.0229482,0.107288,0.616337,0.35,0,2.64364e+07,80,-390,0,0,0,0,0,0,0,0
14:16:30.0,12822.3,0,10007.1,0,-4088.15,0,3193.97,0,875.042,0,-879.133,0,10675.2,10371.8,-0.0227537,0.101502,0.616345,0.35,0,2.64364e+07,80,-390,0,0,0,0,0,0,0,0
14:17:00.0,12822.3,0,10007.1,0,-4088.15,0,3193.97,0,875.042,0,-879.133,0,10675.2,10371.8,-0.022526,0.121826,0.616356,0.35,0,2.64364e+07,80,-390,0,0,0,0,0,0,0,0
14:17:30.0,12822.3,0,10007.1,0,-4088.15,0,3193.97,0,875.042,0,-879.133,0,10675.2,10371.8,-0.0222917,0.119751,0.616367,0.35,0,2.64364e+07,80,-390,0,0,0,0,0,0,0,0
14:18:00.0,12822.3,0,10007.1,0,-4088.15,0,3193.97,0,875.042,0,-879.133,0,10675.2,10371.8,-0.0220699,0.107427,0.616377,0.35,0,2.64364e+07,80,-390,0,0,0,0,0,0,0,0
14:18:30.0,12822.3,0,10007.1,0,-4088.15,0,3193.97,0,875.042,0,-879.133,0,10675.2,10371.8,-0.0218652,0.126513,0.616387,0.35,0,2.64364e+07,80,-390,0,0,0,0,0,0,0,0
14:19:00.0,12822.3,0,10007.1,0,-4088.15,0,3193.97,0,875.042,0,-879.133,0,10675.2,10371.8,-0.0216309,0.113224,0.616398,0.35,0,2.64364e+07,80,-390,0,0,0,0,0,0,0,0
14:19:30.0,12822.3,0,10007.1,0,-4088.15,0,3193.97,0,875.042,0,-879.133,0,10675.2,10371.8,-0.0213614,0.151429,0.616411,0.35,0,2.64364e+07,80,-390,0,0,0,0,0,0,0,0
14:20:00.0,12822.3,0,10007.1,0,-4088.15,0,3193.97,0,875.042,0,-879.133,0,10675.2,10371.8,-0.0210621,0.16456,0.616425,0.35,0,2.64364e+07,80,-390,0,0,0,0,0,0,0,0
14:20:30.0,12822.3,0,10007.1,0,-4088.15,0,3193.97,0,875.042,0,-879.133,0,10675.2,10371.8,-0.0207544,0.172615,0.616441,0.35,0,2.64364e+07,80,-390,0,0,0,0,0,0,0,0
14:21:00.0,12822.3,0,10007.1,0,-4088.15,0,3193.97,0,875.042,0,-879.133,0,10675.2,10371.8,-0.0204994,0.0962202,0.616453,0.35,0,2.64364e+07,80,-390,0,0,0,0,0,0,0,0
14:21:30.0,12822.3,0,10007.1,0,-4088.15,0,3193.97,0,875.042,0,-879.133,0,10675.2,10371.8,-0.0203253,0.0669216,0.616461,0.35,0,2.64364e+07,80,-390,0,0,0,0,0,0,0,0
14:22:00.0,12822.3,0,10007.1,0,-4088.15,0,3193.97,0,875.042,0,-879.133,0,10675.2,10371.8,-0.0201495,0.0835187,0.616469,0.35,0,2.64364e+07,80,-390,0,0,0,0,0,0,0,0
14:22:30.0,12822.3,0,10007.1,0,-4088.15,0,3193.97,0,875.042,0,-879.133,0,10675.2,10371.8,-0.0200508,-0.0552392,0.616472,0.35,0,2.64364e+07,80,-390,0,0,0,0,0,0,0,0
14:23:00.0,12822.3,0,10007.1,0,-4088.15,0,3193.97,0,875.042,0,-879.133,0,10675.2,10371.8,-0.0201868,-0.0379034,0.616463,0.35,0,2.64364e+07,80,-390,0,0,0,0,0,0,0,0
14:23:30.0,12822.3,0,10007.1,0,-4088.15,0,3193.97,0,875.042,0,-879.133,0,10675.2,10371.8,-0.0202196,-0.0600323,0.616459,0.35,0,2.64364e+07,80,-390,0,0,0,0,0,0,0,0
14:24:00.0,12822.3,0,10007.1,0,-4088.15,0,3193.97,0,875.042,0,-879.133,0,10675.2,10371.8,-0.0202575,-0.0136866,0.616456,0.35,0,2.64364e+07,80,-390,0,0,0,0,0,0,0,0
14:24:30.0,12822.3,0,10007.1,0,-4088.15,0,3193.97,0,875.042,0,-879.133,0,10675.2,10371.8,-0.0201677,0.0944418,0.616459,0.35,0,2.64364e+07,80,-390,0,0,0,0,0,0,0,0
14:25:00.0,12822.3,0,10007.1,0,-4088.15,0,3193.97,0,875.042,0,-879.133,0,10675.2,10371.8,-0.0200235,0.061209,0.616465,0.35,0,2.64364e+07,80,-390,0,0,0,0,0,0,0,0
14:25:30.0,12822.3,0,10007.1,0,-4088.15,0,3193.97,0,875.042,0,-879.133,0,10675.2,10371.8,-0.0198726,0.0809271,0.616471,0.35,0,2.64364e+07,80,-390,0,0,0,0,0,0,0,0
14:26:00.0,12822.3,0,10007.1,0,-4088.15,0,3193.97,0,875.042,0,-879.133,0,10675.2,10371.8,-0.0197125,0.0530811,0.616478,0.35,0,2.64364e+07,80,-390,0,0,0,0,0,0,0,0
14:26:30.0,12822.3,0,10007.1,0,-4088.15,0,3193.97,0,875.042,0,-879.133,0,10675.2,10371.8,-0.0196034,0.0345262,0.616483,0.35,0,2.64364e+07,80,-390,0,0,0,0,0,0,0,0
14:27:00.0,12822.3,0,10007.1,0,-4088.15,0,3193.97,0,875.042,0,-879.133,0,10675.2,10371.8,-0.0195264,0.0385706,0.616485,0.35,0,2.64364e+07,80,-390,0,0,0,0,0,0,0,0
14:27:30.0,12822.3,0,10007.1,0,-4088.15,0,3193.97,0,875.042,0,-879.133,0,10675.2,10371.8,-0.0193795,0.106697,0.616492,0.35,0,2.64364e+07,80,-390,0,0,0,0,0,0,0,0
14:28:00.0,12822.3,0,10007.1,0,-4088.15,0,3193.97,0,875.042,0,-879.133,0,10675.2,10371.8,-0.0192162,0.0629334,0.616499,0.35,0,2.64364e+07,80,-390,0,0,0,0,0,0,0,0
14:28:30.0,12822.3,0,10007.1,0,-4088.15,0,3193.97,0,875.042,0,-879.133,0,10675.2,10371.8,-0.0190498,0.0830653,0.616506,0.35,0,2.64364e+07,80,-390,0,0,0,0,0,0,0,0
14:29:00.0,12822.3,0,10007.1,0,-4088.15,0,3193.97,0,875.042,0,-879.133,0,10675.2,10371.8,-0.0188896,0.0752827,0.616514,0.35,0,2.64364e+07,80,-390,0,0,0,0,0,0,0,0
14:29:30.0,12822.3,0,10007.1,0,-4088.15,0,3193.97,0,875.042,0,-879.133,0,10675.2,10371.8,-0.0187037,0.116398,0.616522,0.35,0,2.64364e+07,80,-390,0,0,0,0,0,0,0,0
14:30:00.0,12822.3,0,10007.1,0,-4088.15,0,3193.97,0,875.042,0,-879.133,0,10675.2,10371.8,-0.0185272,0.0645127,0.61653,0.35,0,2.64364e+07,80,-390,0,0,0,0,0,0,0,0
14:30:30.0,12822.3,0,10007.1,0,-4088.15,0,3193.97,0,875.042,0,-879.133,0,10675.2,10371.8,-0.0183568,0.110928,0.616538,0.35,0,2.64364e+07,80,-390,0,0,0,0,0,0,0,0
14:31:00.0,12822.3,0,10007.1,0,-4088.15,0,3193.97,0,875.042,0,-879.133,0,10675.2,10371.8,-0.0181298,0.124221,0.616549,0.35,0,2.64364e+07,80,-390,0,0,0,0,0,0,0,0
14:31:30.0,12822.3,0,10007.1,0,-4088.15,0,3193.97,0,875.042,0,-879.133,0,10675.2,10371.8,-0.0179279,0.103073,0.616559,0.35,0,2.64364e+07,80,-390,0,0,0,0,0,0,0,0
14:32:00.0,12822.3,0,10007.1,0,-4088.15,0,3193.97,0,875.042,0,-879.133,0,10675.2,10371.8,-0.0177686,0.078817,0.616566,0.35,0,2.64364e+07,80,-390,0,0,0,0,0,0,0,0
14:32:30.0,12822.3,0,10007.1,0,-4088.15,0,3193.97,0,875.042,0,-879.133,0,10675.2,10371.8,-0.0176442,0.0482964,0.616571,0.35,0,2.64364e+07,80,-390,0,0,0,0,0,0,0,0
14:33:00.0,12822.3,0,10007.1,0,-4088.15,0,3193.97,0,875.042,0,-879.133,0,10675.2,10371.8,-0.0175097,0.048016,0.616577,0.35,0,2.64364e+07,80,-390,0,0,0,0,0,0,0,0
14:33:30.0,12822.3,0,10007.1,0,-4088.15,0,3193.97,0,875.042,0,-879.133,0,10675.2,10371.8,-0.0173899,0.0504599,0.616582,0.35,0,2.64364e+07,80,-390,0,0,0,0,0,0,0,0
14:34:00.0,12822.3,0,10007.1,0,-4088.15,0,3193.97,0,875.042,0,-879.133,0,10675.2,10371.8,-0.0172507,0.0843763,0.616588,0.35,0,2.64364e+07,80,-390,0,0,0,0,0,0,0,0
14:34:30.0,12822.3,0,10007.1,0,-4088.15,0,3193.97,0,875.042,0,-879.133,0,10675.2,10371.8,-0.0171313,0.0322637,0.616593,0.35,0,2.64364e+07,80,-390,0,0,0,0,0,0,0,0
14:35:00.0,12822.3,0,10007.1,0,-4088.15,0,3193.97,0,875.042,0,-879.133,0,10675.2,10371.8,-0.0170311,0.0467679,0.616597,0.35,0,2.64364e+07,80,-390,0,0,0,0,0,0,0,0
14:35:30.0,12822.3,0,10007.1,0,-4088.15,0,3193.97,0,875.042,0,-879.133,0,10675.2,10371.8,-0.0169149,0.0679709,0.616602,0.35,0,2.64364e+07,80,-390,0,0,0,0,0,0,0,0
14:36:00.0,12822.3,0,10007.1,0,-4088.15,0,3193.97,0,875.042,0,-879.133,0,10675.2,10371.8,-0.0167564,0.0932418,0.61661,0.35,0,2.64364e+07,80,-390,0,0,0,0,0,0,0,0
14:36:30.0,12822.3,0,10007.1,0,-4088.15,0,3193.97,0,875.042,0,-879.133,0,10675.2,10371.8,-0.0165998,0.0817473,0.616617,0.35,0,2.64364e+07,80,-390,0,0,0,0,0,0,0,0
14:37:00.0,12822.3,0,10007.1,0,-4088.15,0,3193.97,0,875.042,0,-879.133,0,10675.2,10371.8,-0.0164531,0.0829449,0.616624,0.35,0,2.64364e+07,80,-390,0,0,0,0,0,0,0,0
14:37:30.0,12822.3,0,10007.1,0,-4088.15,0,3193.97,0,875.042,0,-879.133,0,10675.2,10371.8,-0.0163405,0.0464719,0.616628,0.35,0,2.64364e+07,80,-390,0,0,0,0,0,0,0,0
14:38:00.0,12822.3,0,10007.1,0,-4088.15,0,3193.97,0,875.042,0,-879.133,0,10675.2,10371.8,-0.0163059,0.014356,0.616629,0.35,0,2.64364e+07,80,-390,0,0,0,0,0,0,0,0
14:38:30.0,12822.3,0,10007.1,0,-4088.15,0,3193.97,0,875.042,0,-879.133,0,10675.2,10371.8,-0.0162548,0.0268416,0.61663,0.35,0,2.64364e+07,80,-390,0,0,0,0,0,0,0,0
14:39:00.0,12822.3,0,10007.1,0,-4088.15,0,3193.97,0,875.042,0,-879.133,0,10675.2,10371.8,-0.0161508,0.0778802,0.616635,0.35,0,2.64364e+07,80,-390,0,0,0,0,0,0,0,0
14:39:30.0,12822.3,0,10007.1,0,-4088.15,0,3193.97,0,875.042,0,-879.133,0,10675.2,10371.8,-0.0159306,0.177235,0.616645,0.35,0,2.64364e+07,80,-390,0,0,0,0,0,0,0,0
14:40:00.0,12822.3,0,10007.1,0,-4088.15,0,3193.97,0,875.042,0,-879.133,0,10675.2,10371.8,-0.0157396,0.0928852,0.616655,0.35,0,2.64364e+07,80,-390,0,0,0,0,0,0,0,0
14:40:30.0,12822.3,0,10007.1,0,-4088.15,0,3193.97,0,875.042,0,-879.133,0,10675.2,10371.8,-0.015509,0.165574,0.616666,0.35,0,2.64364e+07,80,-390,0,0,0,0,0,0,0,0
14:41:00.0,12822.3,0,10007.1,0,-4088.15,0,3193.97,0,875.042,0,-879.133,0,10675.2,10371.8,-0.0152818,0.111094,0.616677,0.35,0,2.64364e+07,80,-390,0,0,0,0,0,0,0,0
14:41:30.0,12822.3,0,10007.1,0,-4088.15,0,3193.97,0,875.042,0,-879.133,0,10675.2,10371.8,-0.0151117,0.0768919,0.616685,0.35,0,2.64364e+07,80,-390,0,0,0,0,0,0,0,0
14:42:00.0,12822.3,0,10007.1,0,-4088.15,0,3193.97,0,875.042,0,-879.133,0,10675.2,10371.8,-0.0149663,0.0811967,0.616692,0.35,0,2.64364e+07,80,-390,0,0,0,0,0,0,0,0
14:42:30.0,12822.3,0,10007.1,0,-4088.15,0,3193.97,0,875.042,0,-879.133,0,10675.2,10371.8,-0.0148784,0.0517316,0.616695,0.35,0,2.64364e+07,80,-390,0,0,0,0,0,0,0,0
14:43:00.0,12822.3,0,10007.1,0,-4088.15,0,3193.97,0,875.042,0,-879.133,0,10675.2,10371.8,-0.0147855,0.0344283,0.616699,0.35,0,2.64364e+07,80,-390,0,0,0,0,0,0,0,0
14:43:30.0,12822.3,0,10007.1,0,-4088.15,0,3193.97,0,875.042,0,-879.133,0,10675.2,10371.8,-0.014704,0.0416248,0.616703,0.35,0,2.64364e+07,80,-390,0,0,0,0,0,0,0,0
14:44:00.0,12822.3,0,10007.1,0,-4088.15,0,3193.97,0,875.042,0,-879.133,0,10675.2,10371.8,-0.0146443,0.0249907,0.616705,0.35,0,2.64364e+07,80,-390,0,0,0,0,0,0,0,0
14:44:30.0,12822.3,0,10007.1,0,-4088.15,0,3193.97,0,875.042,0,-879.133,0,10675.2,10371.8,-0.0145835,-0.0011044,0.616707,0.35,0,2.64364e+07,80,-390,0,0,0,0,0,0,0,0
14:45:00.0,12822.3,0,10007.1,0,-4088.15,0,3193.97,0,875.042,0,-879.133,0,10675.2,10371.8,-0.0145723,-0.00181982,0.616706,0.35,0,2.64364e+07,80,-390,0,0,0,0,0,0,0,0
14:45:30.0,12822.3,0,10007.1,0,-4088.15,0,3193.97,0,875.042,0,-879.133,0,10675.2,10371.8,-0.0145353,0.0187201,0.616707,0.35,0,2.64364e+07,80,-390,0,0,0,0,0,0,0,0
14:46:00.0,12822.3,0,10007.1,0,-4088.15,0,3193.97,0,875.042,0,-879.133,0,10675.2,10371.8,-0.0144718,0.0316291,0.616709,0.35,0,2.64364e+07,80,-390,0,0,0,0,0,0,0,0
14:46:30.0,12822.3,0,10007.1,0,-4088.15,0,3193.97,0,875.042,0,-879.133,0,10675.2,10371.8,-0.0144195,0.018675,0.616711,0.35,0,2.64364e+07,80,-390,0,0,0,0,0,0,0,0
14:47:00.0,12822.3,0,10007.1,0,-4088.15,0,3193.97,0,875.042,0,-879.133,0,10675.2,10371.8,-0.0143424,0.0530878,0.616714,0.35,0,2.64364e+07,80,-390,0,0,0,0,0,0,0,0
14:47:30.0,12822.3,0,10007.1,0,-4088.15,0,3193.97,0,875.042,0,-879.133,0,10675.2,10371.8,-0.0142651,0.0333279,0.616717,0.35,0,2.64364e+07,80,-390,0,0,0,0,0,0,0,0
14:48:00.0,12822.3,0,10007.1,0,-4088.15,0,3193.97,0,875.042,0,-879.133,0,10675.2,10371.8,-0.0142085,0.0314104,0.616719,0.35,0,2.64364e+07,80,-390,0,0,0,0,0,0,0,0
14:48:30.0,12822.3,0,10007.1,0,-4088.15,0,3193.97,0,875.042,0,-879.133,0,10675.2,10371.8,-0.0141993,-0.035151,0.616718,0.35,0,2.64364e+07,80,-390,0,0,0,0,0,0,0,0
14:49:00.0,12822.3,0,10007.1,0,-4088.15,0,3193.97,0,875.042,0,-879.133,0,10675.2,10371.8,-0.0142636,-0.0602999,0.616713,0.35,0,2.64364e+07,80,-390,0,0,0,0,0,0,0,0
14:49:30.0,12822.3,0,10007.1,0,-4088.15,0,3193.97,0,875.042,0,-879.133,0,10675.2,10371.8,-0.014326,-0.0366504,0.616709,0.35,0,2.64364e+07,80,-390,0,0,0,0,0,0,0,0
14:50:00.0,12822.3,0,10007.1,0,-4088.15,0,3193.97,0,875.042,0,-879.133,0,10675.2,10371.8,-0.0143146,0.00434242,0.616708,0.35,0,2.64364e+07,80,-390,0,0,0,0,0,0,0,0
14:50:30.0,12822.3,0,10007.1,0,-4088.15,0,3193.97,0,875.042,0,-879.133,0,10675.2,10371.8,-0.0143627,-0.0816476,0.616704,0.35,0,2.64364e+07,80,-390,0,0,0,0,0,0,0,0
14:51:00.0,12822.3,0,10007.1,0,-4088.15,0,3193.97,0,875.042,0,-879.133,0,10675.2,10371.8,-0.0145345,-0.133763,0.616694,0.35,0,2.64364e+07,80,-390,0,0,0,0,0,0,0,0
14:51:30.0,12822.3,0,10007.1,0,-4088.15,0,3193.97,0,875.042,0,-879.133,0,10675.2,10371.8,-0.0147015,-0.125775,0.616683,0.35,0,2.64364e+07,80,-390,0,0,0,0,0,0,0,0
14:52:00.0,12822.3,0,10007.1,0,-4088.15,0,3193.97,0,875.042,0,-879.133,0,10675.2,10371.8,-0.0148862,-0.157135,0.616672,0.35,0,2.64364e+07,80,-390,0,0,0,0,0,0,0,0
14:52:30.0,12822.3,0,10007.1,0,-4088.15,0,3193.97,0,875.042,0,-879.133,0,10675.2,10371.8,-0.0150934,-0.156245,0.616659,0.35,0,2.64364e+07,80,-390,0,0,0,0,0,0,0,0
14:53:00.0,12822.3,0,10007.1,0,-4088.15,0,3193.97,0,875.042,0,-879.133,0,10675.2,10371.8,-0.0152877,-0.162431,0.616647,0.35,0,2.64364e+07,80,-390,0,0,0,0,0,0,0,0
14:53:30.0,12822.3,0,10007.1,0,-4088.15,0,3193.97,0,875.042,0,-879.133,0,10675.2,10371.8,-0.0155049,-0.15569,0.616634,0.35,0,2.64364e+07,80,-390,0,0,0,0,0,0,0,0
14:54:00.0,12822.3,0,10007.1,0,-4088.15,0,3193.97,0,875.042,0,-879.133,0,10675.2,10371.8,-0.0157161,-0.152161,0.616621,0.35,0,2.64364e+07,80,-390,0,0,0,0,0,0,0,0
14:54:30.0,12822.3,0,10007.1,0,-4088.15,0,3193.97,0,875.042,0,-879.133,0,10675.2,10371.8,-0.0159597,-0.179029,0.616606,0.35,0,2.64364e+07,80,-390,0,0,0,0,0,0,0,0
14:55:00.0,12822.3,0,10007.1,0,-4088.15,0,3193.97,0,875.042,0,-879.133,0,10675.2,10371.8,-0.0161979,-0.176395,0.616592,0.35,0,2.64364e+07,80,-390,0,0,0,0,0,0,0,0
14:55:30.0,12822.3,0,10007.1,0,-4088.15,0,3193.97,0,875.042,0,-879.133,0,10675.2,10371.8,-0.0164528,-0.176834,0.616576,0.35,0,2.64364e+07,80,-390,0,0,0,0,0,0,0,0
14:56:00.0,12822.3,0,10007.1,0,-4088.15,0,3193.97,0,875.042,0,-879.133,0,10675.2,10371.8,-0.0166593,-0.0969496,0.616564,0.35,0,2.64364e+07,80,-390,0,0,0,0,0,0,0,0
14:56:30.0,12822.3,0,10007.1,0,-4088.15,0,3193.97,0,875.042,0,-879.133,0,10675.2,10371.8,-0.0167855,-0.101379,0.616555,0.35,0,2.64364e+07,80,-390,0,0,0,0,0,0,0,0
14:57:00.0,12822.3,0,10007.1,0,-4088.15,0,3193.97,0,875.042,0,-879.133,0,10675.2,10371.8,-0.0168877,-0.0767073,0.616548,0.35,0,2.64364e+07,80,-390,0,0,0,0,0,0,0,0
14:57:30.0,12822.3,0,10007.1,0,-4088.15,0,3193.97,0,875.042,0,-879.133,0,10675.2,10371.8,-0.0169957,-0.1154,0.616541,0.35,0,2.64364e+07,80,-390,0,0,0,0,0,0,0,0
14:58:00.0,12822.3,0,10007.1,0,-4088.15,0,3193.97,0,875.042,0,-879.133,0,10675.2,10371.8,-0.0171571,-0.12791,0.616531,0.35,0,2.64364e+07,80,-390,0,0,0,0,0,0,0,0
14:58:30.0,12822.3,0,10007.1,0,-4088.15,0,3193.97,0,875.042,0,-879.133,0,10675.2,10371.8,-0.0173764,-0.172216,0.616517,0.35,0,2.64364e+07,80,-390,0,0,0,0,0,0,0,0
14:59:00.0,12822.3,0,10007.1,0,-4088.15,0,3193.97,0,875.042,0,-879.133,0,10675.2,10371.8,-0.0176067,-0.18924,0.616503,0.35,0,2.64364e+07,80,-390,0,0,0,0,0,0,0,0
14:59:30.0,12822.3,0,10007.1,0,-4088.15,0,3193.97,0,875.042,0,-879.133,0,10675.2,10371.8,-0.0178615,-0.201996,0.616487,0.35,0,2.64364e+07,80,-390,0,0,0,0,0,0,0,0
15:00:00.0,12822.3,0,10007.1,0,-4088.15,0,3193.97,0,875.042,0,-879.133,0,10675.2,10371.8,-0.0181134,-0.173421,0.616472,0.35,0,2.64364e+07,80,-390,0,0,0,0,0,0,0,0
15:00:30.0,12822.3,0,10007.1,0,-4088.15,0,3193.97,0,875.042,0,-879.133,0,10675.2,10371.8,-0.0184022,-0.20512,0.616454,0.35,0,2.64364e+07,80,-390,0,0,0,0,0,0,0,0
15:01:00.0,12822.3,0,10007.1,0,-4088.15,0,3193.97,0,875.042,0,-879.133,0,10675.2,10371.8,-0.0186817,-0.228568,0.616438,0.35,0,2.64364e+07,80,-390,0,0,0,0,0,0,0,0
15:01:30.0,12822.3,0,10007.1,0,-4088.15,0,3193.97,0,875.042,0,-879.133,0,10675.2,10371.8,-0.0189565,-0.238423,0.616421,0.35,0,2.64364e+07,80,-390,0,0,0,0,0,0,0,0
15:02:00.0,12822.3,0,10007.1,0,-4088.15,0,3193.97,0,875.042,0,-879.133,0,10675.2,10371.8,-0.0192885,-0.255926,0.616401,0.35,0,2.64364e+07,80,-390,0,0,0,0,0,0,0,0
15:02:30.0,12822.3,0,10007.1,0,-4088.15,0,3193.97,0,875.042,0,-879.133,0,10675.2,10371.8,-0.0196499,-0.285774,0.61638,0.35,0,2.64364e+07,80,-390,0,0,0,0,0,0,0,0
15:03:00.0,12822.3,0,10007.1,0,-4088.15,0,3193.97,0,875.042,0,-879.133,0,10675.2,10371.8,-0.0200108,-0.236836,0.616358,0.35,0,2.64364e+07,80,-390,0,0,0,0,0,0,0,0
15:03:30.0,12822.3,0,10007.1,0,-4088.15,0,3193.97,0,875.042,0,-879.133,0,10675.2,10371.8,-0.0203733,-0.259576,0.616336,0.35,0,2.64364e+07,80,-390,0,0,0,0,0,0,0,0
15:04:00.0,12822.3,0,10007.1,0,-4088.15,0,3193.97,0,875.042,0,-879.133,0,10675.2,10371.8,-0.0207294,-0.249474,0.616315,0.35,0,2.64364e+07,80,-390,0,0,0,0,0,0,0,0
15:04:30.0,12822.3,0,10007.1,0,-4088.15,0,3193.97,0,875.042,0,-879.133,0,10675.2,10371.8,-0.0210981,-0.326727,0.616293,0.35,0,2.64364e+07,80,-390,0,0,0,0,0,0,0,0
15:05:00.0,12822.3,0,10007.1,0,-4088.15,0,3193.97,0,875.042,0,-879.133,0,10675.2,10371.8,-0.0215004,-0.307513,0.616269,0.35,0,2.64364e+07,80,-390,0,0,0,0,0,0,0,0
15:05:30.0,12822.3,0,10007.1,0,-4088.15,0,3193.97,0,875.042,0,-879.133,0,10675.2,10371.8,-0.021868,-0.281618,0.616247,0.35,0,2.64364e+07,80,-390,0,0,0,0,0,0,0,0
15:06:00.0,12822.3,0,10007.1,0,-4088.15,0,3193.97,0,875.042,0,-879.133,0,10675.2,10371.8,-0.0222622,-0.29897,0.616223,0.35,0,2.64364e+07,80,-390,0,0,0,0,0,0,0,0
15:06:30.0,12822.3,0,10007.1,0,-4088.15,0,3193.97,0,875.042,0,-879.133,0,10675.2,10371.8,-0.0226283,-0.321261,0.616201,0.35,0,2.64364e+07,80,-390,0,0,0,0,0,0,0,0
15:07:00.0,12822.3,0,10007.1,0,-4088.15,0,3193.97,0,875.042,0,-879.133,0,10675.2,10371.8,-0.0230554,-0.303388,0.616176,0.35,0,2.64364e+07,80,-390,0,0,0,0,0,0,0,0
15:07:30.0,12822.3,0,10007.1,0,-4088.15,0,3193.97,0,875.042,0,-879.133,0,10675.2,10371.8,-0.0235013,-0.351768,0.616149,0.35,0,2.64364e+07,80,-390,0,0,0,0,0,0,0,0
15:08:00.0,12822.3,0,10007.1,0,-4088.15,0,3193.97,0,875.042,0,-879.133,0,10675.2,10371.8,-0.0239684,-0.361775,0.616121,0.35,0,2.64364e+07,80,-390,0,0,0,0,0,0,0,0
15:08:30.0,12822.3,0,10007.1,0,-4088.15,0,3193.97,0,875.042,0,-879.133,0,10675.2,10371.8,-0.0244648,-0.378063,0.616092,0.35,0,2.64364e+07,80,-390,0,0,0,0,0,0,0,0
15:09:00.0,12822.3,0,10007.1,0,-4088.15,0,3193.97,0,875.042,0,-879.133,0,10675.2,10371.8,-0.0249788,-0.389241,0.616061,0.35,0,2.64364e+07,80,-390,0,0,0,0,0,0,0,0
15:09:30.0,12822.3,0,10007.1,0,-4088.15,0,3193.97,0,875.042,0,-879.133,0,10675.2,10371.8,-0.0255062,-0.376852,0.61603,0.35,0,2.64364e+07,80,-390,0,0,0,0,0,0,0,0
15:10:00.0,12822.3,0,10007.1,0,-4088.15,0,3193.97,0,875.042,0,-879.133,0,10675.2,10371.8,-0.0259889,-0.357368,0.616001,0.35,0,2.64364e+07,80,-390,0,0,0,0,0,0,0,0
15:10:30.0,12822.3,0,10007.1,0,-4088.15,0,3193.97,0,875.042,0,-879.133,0,10675.2,10371.8,-0.0264319,-0.316448,0.615974,0.35,0,2.64364e+07,80,-390,0,0,0,0,0,0,0,0
15:11:00.0,12822.3,0,10007.1,0,-4088.15,0,3193.97,0,875.042,0,-879.133,0,10675.2,10371.8,-0.0268253,-0.30604,0.61595,0.35,0,2.64364e+07,80,-390,0,0,0,0,0,0,0,0
15:11:30.0,12822.3,0,10007.1,0,-4088.15,0,3193.97,0,875.042,0,-879.133,0,10675.2,10371.8,-0.0272328,-0.34359,0.615925,0.35,0,2.64364e+07,80,-390,0,0,0,0,0,0,0,0
15:12:00.0,12822.3,0,10007.1,0,-4088.15,0,3193.97,0,875.042,0,-879.133,0,10675.2,10371.8,-0.0277193,-0.436512,0.615896,0.35,0,2.64364e+07,80,-390,0,0,0,0,0,0,0,0
15:12:30.0,12822.3,0,10007.1,0,-4088.15,0,3193.97,0,875.042,0,-879.133,0,10675.2,10371.8,-0.0282347,-0.377186,0.615865,0.35,0,2.64364e+07,80,-390,0,0,0,0,0,0,0,0
15:13:00.0,12822.3,0,10007.1,0,-4088.15,0,3193.97,0,875.042,0,-879.133,0,10675.2,10371.8,-0.0287628,-0.423883,0.615833,0.35,0,2.64364e+07,80,-390,0,0,0,0,0,0,0,0
15:13:30.0,12822.3,0,10007.1,0,-4088.15,0,3193.97,0,875.042,0,-879.133,0,10675.2,10371.8,-0.0293718,-0.477679,0.615797,0.35,0,2.64364e+07,80,-390,0,0,0,0,0,0,0,0
15:14:00.0,12822.3,0,10007.1,0,-4088.15,0,3193.97,0,875.042,0,-879.133,0,10675.2,10371.8,-0.0299598,-0.432323,0.615762,0.35,0,2.64364e+07,80,-390,0,0,0,0,0,0,0,0
15:14:30.0,12822.3,0,10007.1,0,-4088.15,0,3193.97,0,875.042,0,-879.133,0,10675.2,10371.8,-0.030547,-0.436589,0.615727,0.35,0,2.64364e+07,80,-390,0,0,0,0,0,0,0,0
15:15:00.0,12822.3,0,10007.1,0,-4088.15,0,3193.97,0,875.042,0,-879.133,0,10675.2,10371.8,-0.0311016,-0.430062,0.615694,0.35,0,2.64364e+07,80,-390,0,0,0,0,0,0,0,0
15:15:30.0,12822.3,0,10007.1,0,-4088.15,0,3193.97,0,875.042,0,-879.133,0,10675.2,10371.8,-0.0317246,-0.49026,0.615656,0.35,0,2.64364e+07,80,-390,0,0,0,0,0,0,0,0
15:16:00.0,12822.3,0,10007.1,0,-4088.15,0,3193.97,0,875.042,0,-879.133,0,10675.2,10371.8,-0.032325,-0.440818,0.61562,0.35,0,2.64364e+07,80,-390,0,0,0,0,0,0,0,0
15:16:30.0,12822.3,0,10007.1,0,-4088.15,0,3193.97,0,875.042,0,-879.133,0,10675.2,10371.8,-0.0328459,-0.432022,0.615588,0.35,0,2.64364e+07,80,-390,0,0,0,0,0,0,0,0
15:17:00.0,12822.3,0,10007.1,0,-4088.15,0,3193.97,0,875.042,0,-879.133,0,10675.2,10371.8,-0.0333455,-0.378147,0.615557,0.35,0,2.64364e+07,80,-390,0,0,0,0,0,0,0,0
15:17:30.0,12822.3,0,10007.1,0,-4088.15,0,3193.97,0,875.042,0,-879.133,0,10675.2,10371.8,-0.0338586,-0.417907,0.615525,0.35,0,2.64364e+07,80,-390,0,0,0,0,0,0,0,0
15:18:00.0,12822.3,0,10007.1,0,-4088.15,0,3193.97,0,875.042,0,-879.133,0,10675.2,10371.8,-0.03431,-0.290556,0.615497,0.35,0,2.64364e+07,80,-390,0,0,0,0,0,0,0,0
15:18:30.0,12822.3,0,10007.1,0,-4088.15,0,3193.97,0,875.042,0,-879.133,0,10675.2,10371.8,-0.0346869,-0.308927,0.615474,0.35,0,2.64364e+07,80,-390,0,0,0,0,0,0,0,0
15:19:00.0,12822.3,0,10007.1,0,-4088.15,0,3193.97,0,875.042,0,-879.133,0,10675.2,10371.8,-0.0350639,-0.280483,0.61545,0.35,0,2.64364e+07,80,-390,0,0,0,0,0,0,0,0
15:19:30.0,12822.3,0,10007.1,0,-4088.15,0,3193.97,0,875.042,0,-879.133,0,10675.2,10371.8,-0.0354251,-0.286191,0.615427,0.35,0,2.64364e+07,80,-390,0,0,0,0,0,0,0,0
15:20:00.0,12822.3,0,10007.1,0,-4088.15,0,3193.97,0,875.042,0,-879.133,0,10675.2,10371.8,-0.0357157,-0.228907,0.615408,0.35,0,2.64364e+07,80,-390,0,0,0,0,0,0,0,0
15:20:30.0,12822.3,0,10007.1,0,-4088.15,0,3193.97,0,875.042,0,-879.133,0,10675.2,10371.8,-0.0358334,-0.0532302,0.615399,0.35,0,2.64364e+07,80,-390,0,0,0,0,0,0,0,0
15:21:00.0,12822.3,0,10007.1,0,-4088.15,0,3193.97,0,875.042,0,-879.133,0,10675.2,10371.8,-0.0357903,-0.0466496,0.615398,0.35,0,2.64364e+07,80,-390,0,0,0,0,0,0,0,0
15:21:30.0,12822.3,0,10007.1,0,-4088.15,0,3193.97,0,875.042,0,-879.133,0,10675.2,10371.8,-0.0357806,-0.0347763,0.615396,0.35,0,2.64364e+07,80,-390,0,0,0,0,0,0,0,0
15:22:00.0,12822.3,0,10007.1,0,-4088.15,0,3193.97,0,875.042,0,-879.133,0,10675.2,10371.8,-0.035807,-0.0395773,0.615392,0.35,0,2.64364e+07,80,-390,0,0,0,0,0,0,0,0
15:22:30.0,12822.3,0,10007.1,0,-4088.15,0,3193.97,0,875.042,0,-879.133,0,10675.2,10371.8,-0.0359288,-0.157582,0.615383,0.35,0,2.64364e+07,80,-390,0,0,0,0,0,0,0,0
15:23:00.0,12822.3,0,10007.1,0,-4088.15,0,3193.97,0,875.042,0,-879.133,0,10675.2,10371.8,-0.0361282,-0.225194,0.615369,0.35,0,2.64364e+07,80,-390,0,0,0,0,0,0,0,0
15:23:30.0,12822.3,0,10007.1,0,-4088.15,0,3193.97,0,875.042,0,-879.133,0,10675.2,10371.8,-0.0363417,-0.174555,0.615354,0.35,0,2.64364e+07,80,-390,0,0,0,0,0,0,0,0
15:24:00.0,12822.3,0,10007.1,0,-4088.15,0,3193.97,0,875.042,0,-879.133,0,10675.2,10371.8,-0.0365515,-0.194315,0.61534,0.35,0,2.64364e+07,80,-390,0,0,0,0,0,0,0,0
15:24:30.0,12822.3,0,10007.1,0,-4088.15,0,3193.97,0,875.042,0,-879.133,0,10675.2,10371.8,-0.0367273,-0.10889,0.615328,0.35,0,2.64364e+07,80,-390,0,0,0,0,0,0,0,0
15:25:00.0,12822.3,0,10007.1,0,-4088.15,0,3193.97,0,875.042,0,-879.133,0,10675.2,10371.8,-0.0368324,-0.138324,0.615319,0.35,0,2.64364e+07,80,-390,0,0,0,0,0,0,0,0
15:25:30.0,12822.3,0,10007.1,0,-4088.15,0,3193.97,0,875.042,0,-879.133,0,10675.2,10371.8,-0.0370303,-0.173738,0.615305,0.35,0,2.64364e+07,80,-390,0,0,0,0,0,0,0,0
15:26:00.0,12822.3,0,10007.1,0,-4088.15,0,3193.97,0,875.042,0,-879.133,0,10675.2,10371.8,-0.0370965,-0.050861,0.615299,0.35,0,2.64364e+07,80,-390,0,0,0,0,0,0,0,0
15:26:30.0,12822.3,0,10007.1,0,-4088.15,0,3193.97,0,875.042,0,-879.133,0,10675.2,10371.8,-0.0372847,-0.208408,0.615286,0.35,0,2.64364e+07,80,-390,0,0,0,0,0,0,0,0
15:27:00.0,12822.3,0,10007.1,0,-4088.15,0,3193.97,0,875.042,0,-879.133,0,10675.2,10371.8,-0.0374743,-0.137501,0.615273,0.35,0,2.64364e+07,80,-390,0,0,0,0,0,0,0,0
15:27:30.0,12822.3,0,10007.1,0,-4088.15,0,3193.97,0,875.042,0,-879.133,0,10675.2,10371.8,-0.0376166,-0.124452,0.615262,0.35,0,2.64364e+07,80,-390,0,0,0,0,0,0,0,0
15:28:00.0,12822.3,0,10007.1,0,-4088.15,0,3193.97,0,875.042,0,-879.133,0,10675.2,10371.8,-0.0377129,-0.110843,0.615254,0.35,0,2.64364e+07,80,-390,0,0,0,0,0,0,0,0
15:28:30.0,12822.3,0,10007.1,0,-4088.15,0,3193.97,0,875.042,0,-879.133,0,10675.2,10371.8,-0.0378183,-0.0946979,0.615245,0.35,0,2.64364e+07,80,-390,0,0,0,0,0,0,0,0
15:29:00.0,12822.3,0,10007.1,0,-4088.15,0,3193.97,0,875.042,0,-879.133,0,10675.2,10371.8,-0.0378287,0.00672946,0.615242,0.35,0,2.64364e+07,80,-390,0,0,0,0,0,0,0,0
15:29:30.0,12822.3,0,10007.1,0,-4088.15,0,3193.97,0,875.042,0,-879.133,0,10675.2,10371.8,-0.0376838,0.154281,0.615247,0.35,0,2.64364e+07,80,-390,0,0,0,0,0,0,0,0
